"id","created_at","updated_at","event_type","payload","device_id","uuid","device_type","company_id"
3635630,"2023-06-08 09:12:06.159488+00","2023-06-08 09:12:06.159543+00","16","{""DeviceID"":""PINKEY01"",""MessageID"":"":yxu"",""Payload"":""C:5LT:35.3257LG:-120.6617IT:14.8155ET:1.4146e\u002B149IP:99424.7276EP:0.0000IA:159.4215EA:2.8196e\u002B229MX:-153MY:-28MZ:-105AX:0AY:0AZ:10GX:0GY:0,GZ:0"",""path"":""PINKEY01""}","PINKEY01","","PAPA",NULL
3635631,"2023-06-08 09:12:40.066747+00","2023-06-08 09:12:40.066748+00","16","{""DeviceID"":""PINKEY01"",""MessageID"":""2lwc"",""Payload"":""C:10LT:35.3257LG:-120.6617IT:14.4712ET:1.4146e\u002B149IP:99425.0812EP:0.0000IA:159.3916EA:2.8196e\u002B229MX:-150MY:-30MZ:-104AX:0AY:0AZ:10GX:0GY:0,GZ:0"",""path"":""PINKEY01""}","PINKEY01","","PAPA",NULL
3635632,"2023-06-08 09:14:47.705658+00","2023-06-08 09:14:47.705659+00","16","{""DeviceID"":""PINKEY01"",""MessageID"":""amu3"",""Payload"":""C:15LT:35.3256LG:-120.6617IT:14.2057ET:1.4146e\u002B149IP:99426.1259EP:0.0000IA:159.3033EA:2.8196e\u002B229MX:-148MY:-26MZ:-105AX:0AY:0AZ:10GX:0GY:0,GZ:0"",""path"":""PINKEY01""}","PINKEY01","","PAPA",NULL
3635633,"2023-06-08 10:52:40.648573+00","2023-06-08 10:52:40.648575+00","16","{""DeviceID"":""PINKEY01"",""MessageID"":"":yxu"",""Payload"":""C:5LT:35.3256LG:-120.6618IT:22.6550ET:19.0411IP:99357.4038EP:99322.9262IA:165.1146EA:168.0314MX:225MY:-30MZ:-181AX:-5AY:0AZ:8GX:0GY:0,GZ:0"",""path"":""PINKEY01""}","PINKEY01","","PAPA",NULL
3635634,"2023-06-08 11:09:18.393351+00","2023-06-08 11:09:18.393352+00","16","{""DeviceID"":""PINKEY01"",""MessageID"":""bv:r"",""Payload"":""C:44LT:35.3256LG:-120.6618IT:21.1183ET:19.2799IP:99356.0605EP:99320.2439IA:165.2283EA:168.2584MX:221MY:-30MZ:-183AX:-5AY:0AZ:8GX:0GY:0,GZ:"",""path"":""PINKEY01""}","PINKEY01","","PAPA",NULL
3635879,"2023-06-08 18:50:32.161181+00","2023-06-08 18:50:32.161182+00","33","{""DeviceID"":""PINKEY01"",""MessageID"":""xfyv"",""Payload"":""C:11LT:35.3255LG:-120.6617IT:25.5655ET:26.2389IP:99480.9047EP:99459.2305IA:154.6733EA:156.5050MX:139MY:-155MZ:-105AX:0AY:0AZ:9GX:0GY:0,GZ:0"",""path"":""PINKEY01""}","PINKEY01","","PAPA",NULL
3635885,"2023-06-08 19:08:51.89005+00","2023-06-08 19:08:51.890052+00","33","{""DeviceID"":""PINKEY01"",""MessageID"":""xfyv"",""Payload"":""C:11LT:35.3255LG:-120.6618IT:23.2045ET:23.2977IP:99499.1509EP:99469.2835IA:153.1316EA:155.6554MX:165MY:-218MZ:-96AX:-2AY:0AZ:9GX:0GY:0,GZ:0"",""path"":""PINKEY01""}","PINKEY01","","PAPA",NULL
3635886,"2023-06-08 19:10:35.568092+00","2023-06-08 19:10:35.568093+00","33","{""DeviceID"":""PINKEY01"",""MessageID"":""yam0"",""Payload"":""C:22LT:35.3255LG:-120.6618IT:22.1055ET:22.8113IP:99496.0772EP:99466.9061IA:153.3913EA:155.8563MX:163MY:-208MZ:-98AX:-2AY:0AZ:9GX:0GY:0,GZ:0"",""path"":""PINKEY01""}","PINKEY01","","PAPA",NULL
3635887,"2023-06-08 21:40:29.603795+00","2023-06-08 21:40:29.603796+00","33","{""DeviceID"":""PINKEY01"",""MessageID"":""xfyv"",""Payload"":""C:11LT:35.2005LG:-119.9521IT:24.3549ET:-2.9905e\u002B181IP:93562.2575EP:-3.4782e\u002B177IA:667.3092EA:-7.6593e\u002B182MX:158MY:-371MZ:61AX:0AY:4AZ:8GX:0GY:0,GZ:0"",""path"":""PINKEY01""}","PINKEY01","","PAPA",NULL
3635888,"2023-06-08 21:41:51.760295+00","2023-06-08 21:41:51.760296+00","33","{""DeviceID"":""PINKEY01"",""MessageID"":""jlu3"",""Payload"":""C:22LT:35.2005LG:-119.9521IT:25.1440ET:-2.9905e\u002B181IP:93563.5876EP:-3.4782e\u002B177IA:667.1911EA:-7.6593e\u002B182MX:156MY:-366MZ:58AX:0AY:3AZ:9GX:0GY:0,GZ:0"",""path"":""PINKEY01""}","PINKEY01","","PAPA",NULL
3635889,"2023-06-08 21:52:19.904196+00","2023-06-08 21:52:19.904197+00","33","{""DeviceID"":""PINKEY01"",""MessageID"":""jlu3"",""Payload"":""C:22LT:35.2006LG:-119.9522IT:28.0976ET:-2.9905e\u002B181IP:93572.4282EP:-3.4782e\u002B177IA:666.4061EA:-7.6593e\u002B182MX:497MY:-470MZ:99AX:-2AY:3AZ:9GX:0GY:0,GZ:0"",""path"":""PINKEY01""}","PINKEY01","","PAPA",NULL
3635890,"2023-06-08 21:56:41.399128+00","2023-06-08 21:56:41.399129+00","33","{""DeviceID"":""PINKEY01"",""MessageID"":""csjp"",""Payload"":""C:33LT:35.2005LG:-119.9521IT:29.7102ET:-2.9905e\u002B181IP:93558.4243EP:-3.4782e\u002B177IA:667.6496EA:-7.6593e\u002B182MX:489MY:-482MZ:98AX:-1AY:4AZ:8GX:0GY:0,GZ:0"",""path"":""PINKEY01""}","PINKEY01","","PAPA",NULL
3635891,"2023-06-08 22:00:53.05105+00","2023-06-08 22:00:53.051051+00","33","{""DeviceID"":""PINKEY01"",""MessageID"":""sw8w"",""Payload"":""C:44LT:35.2005LG:-119.9521IT:30.5297ET:-2.9905e\u002B181IP:93564.4502EP:-3.4782e\u002B177IA:667.1145EA:-7.6593e\u002B182MX:506MY:-486MZ:101AX:-2AY:4AZ:8GX:0GY:0,GZ:"",""path"":""PINKEY01""}","PINKEY01","","PAPA",NULL
3635892,"2023-06-08 22:02:45.155461+00","2023-06-08 22:02:45.155463+00","33","{""DeviceID"":""PINKEY01"",""MessageID"":""a8wi"",""Payload"":""C:55LT:35.2005LG:-119.9521IT:31.3133ET:-2.9905e\u002B181IP:93553.6564EP:-3.4782e\u002B177IA:668.0731EA:-7.6593e\u002B182MX:391MY:-412MZ:72AX:1AY:0AZ:10GX:0GY:0,GZ:"",""path"":""PINKEY01""}","PINKEY01","","PAPA",NULL
3635893,"2023-06-08 22:03:23.810443+00","2023-06-08 22:03:23.810444+00","33","{""DeviceID"":""PINKEY01"",""MessageID"":""k0gp"",""Payload"":""C:66LT:35.2006LG:-119.9521IT:31.4812ET:-2.9905e\u002B181IP:93557.3286EP:-3.4782e\u002B177IA:667.7469EA:-7.6593e\u002B182MX:149MY:-136MZ:132AX:5AY:-7AZ:4GX:0GY:0,GZ:0"",""path"":""PINKEY01""}","PINKEY01","","PAPA",NULL
3635894,"2023-06-08 22:05:24.152178+00","2023-06-08 22:05:24.152179+00","33","{""DeviceID"":""PINKEY01"",""MessageID"":""v5s7"",""Payload"":""C:88LT:35.2006LG:-119.9521IT:31.9937ET:-2.9905e\u002B181IP:93562.1446EP:-3.4782e\u002B177IA:667.3192EA:-7.6593e\u002B182MX:321MY:-285MZ:68AX:0AY:3AZ:9GX:0GY:0,GZ:0"",""path"":""PINKEY01""}","PINKEY01","","PAPA",NULL
3635895,"2023-06-08 22:06:42.273111+00","2023-06-08 22:06:42.273112+00","33","{""DeviceID"":""PINKEY01"",""MessageID"":""rfey"",""Payload"":""C:99LT:35.2006LG:-119.9521IT:32.1593ET:-2.9905e\u002B181IP:93560.4493EP:-3.4782e\u002B177IA:667.4698EA:-7.6593e\u002B182MX:314MY:-278MZ:69AX:0AY:3AZ:9GX:0GY:0,GZ:0"",""path"":""PINKEY01""}","PINKEY01","","PAPA",NULL
3635896,"2023-06-08 22:08:19.716524+00","2023-06-08 22:08:19.716525+00","33","{""DeviceID"":""PINKEY01"",""MessageID"":""lgpe"",""Payload"":""C:110LT:35.2006LG:-119.9521IT:32.6562ET:-2.9905e\u002B181IP:93559.4543EP:-3.4782e\u002B177IA:667.5582EA:-7.6593e\u002B182MX:317MY:-280MZ:69AX:0AY:3AZ:9GX:0GY:0,GZ:0"",""path"":""PINKEY01""}","PINKEY01","","PAPA",NULL
3635897,"2023-06-08 22:09:38.807998+00","2023-06-08 22:09:38.807999+00","33","{""DeviceID"":""PINKEY01"",""MessageID"":""qvjv"",""Payload"":""C:121LT:35.2006LG:-119.9521IT:32.7322ET:-2.9905e\u002B181IP:93559.2471EP:-3.4782e\u002B177IA:667.5766EA:-7.6593e\u002B182MX:314MY:-278MZ:70AX:0AY:3AZ:9GX:0GY:0,GZ:0"",""path"":""PINKEY01""}","PINKEY01","","PAPA",NULL
3635898,"2023-06-08 22:10:05.632176+00","2023-06-08 22:10:05.632177+00","33","{""DeviceID"":""PINKEY01"",""MessageID"":""dc5t"",""Payload"":""C:132LT:35.2006LG:-119.9521IT:32.9605ET:-2.9905e\u002B181IP:93561.7864EP:-3.4782e\u002B177IA:667.3511EA:-7.6593e\u002B182MX:360MY:-254MZ:67AX:0AY:3AZ:9GX:0GY:0,GZ:0"",""path"":""PINKEY01""}","PINKEY01","","PAPA",NULL
3635899,"2023-06-08 22:15:26.821681+00","2023-06-08 22:15:26.821683+00","33","{""DeviceID"":""PINKEY01"",""MessageID"":""bxw9"",""Payload"":""C:143LT:35.2006LG:-119.9521IT:33.0321ET:-2.9905e\u002B181IP:93563.7950EP:-3.4782e\u002B177IA:667.1727EA:-7.6593e\u002B182MX:353MY:-258MZ:66AX:0AY:3AZ:9GX:0GY:0,GZ:0"",""path"":""PINKEY01""}","PINKEY01","","PAPA",NULL
3635900,"2023-06-08 22:18:23.345468+00","2023-06-08 22:18:23.345469+00","33","{""DeviceID"":""PINKEY01"",""MessageID"":""9wvz"",""Payload"":""C:176LT:35.1927LG:-119.9450IT:30.6529ET:-2.9905e\u002B181IP:82930.4359EP:-3.4782e\u002B177IA:1658.1410EA:-7.6593e\u002B182MX:482MY:-268MZ:75AX:-1AY:4AZ:9GX:0GY:0,GZ:0"",""path"":""PINKEY01""}","PINKEY01","","PAPA",NULL
3635901,"2023-06-08 22:21:03.89684+00","2023-06-08 22:21:03.896841+00","33","{""DeviceID"":""PINKEY01"",""MessageID"":""s18c"",""Payload"":""C:187LT:35.1918LG:-119.9456IT:30.4111ET:-2.9905e\u002B181IP:82122.7272EP:-3.4782e\u002B177IA:1737.5426EA:-7.6593e\u002B182MX:300MY:-460MZ:87AX:-1AY:4AZ:9GX:0GY:0"",""path"":""PINKEY01""}","PINKEY01","","PAPA",NULL
3635902,"2023-06-08 22:21:39.465509+00","2023-06-08 22:21:39.46551+00","33","{""DeviceID"":""PINKEY01"",""MessageID"":""u1e0"",""Payload"":""C:198LT:35.1885LG:119.9450IT:28.8681ET:-2.9905e\u002B181IP:77114.1471EP:-3.4782e\u002B177IA:2244.5409EA:-7.6593e\u002B182MX:341MY:-239MZ:69AX:-1AY:4AZ:8GX:0GY:0,GZ:2"",""path"":""PINKEY01""}","PINKEY01","","PAPA",NULL
3635903,"2023-06-08 22:22:58.29036+00","2023-06-08 22:22:58.290361+00","33","{""DeviceID"":""PINKEY01"",""MessageID"":""mjqx"",""Payload"":""C:209LT:35.1889LG:-119.9431IT:28.1155ET:-2.9905e\u002B181IP:74576.2382EP:-3.4782e\u002B177IA:2511.6974EA:-7.6593e\u002B182MX:321MY:-316MZ:69AX:-1AY:4AZ:9GX:0GY:-2,GZ:"",""path"":""PINKEY01""}","PINKEY01","","PAPA",NULL
3635904,"2023-06-08 22:23:32.213145+00","2023-06-08 22:23:32.213146+00","33","{""DeviceID"":""PINKEY01"",""MessageID"":""y95w"",""Payload"":""C:220LT:35.1896LG:-119.9404IT:27.9094ET:-2.9905e\u002B181IP:73585.4227EP:-3.4782e\u002B177IA:2617.9977EA:-7.6593e\u002B182MX:403MY:-508MZ:101AX:-1AY:4AZ:9GX:0GY:1,GZ:0"",""path"":""PINKEY01""}","PINKEY01","","PAPA",NULL
3635905,"2023-06-08 22:27:13.603816+00","2023-06-08 22:27:13.603817+00","33","{""DeviceID"":""PINKEY01"",""MessageID"":""1amy"",""Payload"":""C:231LT:35.1898LG:-119.9383IT:27.9654ET:-2.9905e\u002B181IP:72869.8785EP:-3.4782e\u002B177IA:2695.4883EA:-7.6593e\u002B182MX:458MY:-501MZ:100AX:-1AY:4AZ:9GX:0GY:0,GZ:-1"",""path"":""PINKEY01""}","PINKEY01","","PAPA",NULL
3635906,"2023-06-08 22:27:51.533215+00","2023-06-08 22:27:51.533216+00","33","{""DeviceID"":""PINKEY01"",""MessageID"":""wt27"",""Payload"":""C:242LT:35.1874LG:-119.9261IT:27.7974ET:-2.9905e\u002B181IP:67413.2002EP:-3.4782e\u002B177IA:3307.6141EA:-7.6593e\u002B182MX:365MY:-258MZ:70AX:-1AY:4AZ:9GX:0GY:0,GZ:0"",""path"":""PINKEY01""}","PINKEY01","","PAPA",NULL
3635907,"2023-06-08 22:29:55.231319+00","2023-06-08 22:29:55.23132+00","33","{""DeviceID"":""PINKEY01"",""MessageID"":""ylsd"",""Payload"":""C:253LT:35.1833LG:-119.9226IT:27.5465ET:-2.9905e\u002B181IP:65537.1454EP:-3.4782e\u002B177IA:3527.3482EA:-7.6593e\u002B182MX:569MY:-309MZ:86AX:-1AY:4AZ:8GX:0GY:0,GZ:0"",""path"":""PINKEY01""}","PINKEY01","","PAPA",NULL
3635908,"2023-06-08 22:31:55.975943+00","2023-06-08 22:31:55.975944+00","33","{""DeviceID"":""PINKEY01"",""MessageID"":""hmda"",""Payload"":""C:264LT:35.1785LG:-119.9195IT:27.2597ET:-2.9905e\u002B181IP:63877.5291EP:-3.4782e\u002B177IA:3726.0190EA:-7.6593e\u002B182MX:492MY:-465MZ:93AX:-1AY:4AZ:8GX:-1GY:0,GZ:2"",""path"":""PINKEY01""}","PINKEY01","","PAPA",NULL
3635909,"2023-06-08 22:32:37.481266+00","2023-06-08 22:32:37.481267+00","33","{""DeviceID"":""PINKEY01"",""MessageID"":""ckcb"",""Payload"":""C:275LT:35.1728LG:-119.9165IT:26.7353ET:-2.9905e\u002B181IP:61277.4041EP:-3.4782e\u002B177IA:4045.8486EA:-7.6593e\u002B182MX:434MY:-222MZ:72AX:-1AY:4AZ:9GX:0GY:-1,GZ:"",""path"":""PINKEY01""}","PINKEY01","","PAPA",NULL
3635910,"2023-06-08 22:33:58.48615+00","2023-06-08 22:33:58.486151+00","33","{""DeviceID"":""PINKEY01"",""MessageID"":""d66x"",""Payload"":""C:286LT:35.1717LG:-119.9159IT:26.5807ET:-2.9905e\u002B181IP:60398.6316EP:-3.4782e\u002B177IA:4156.4278EA:-7.6593e\u002B182MX:477MY:-270MZ:72AX:-1AY:4AZ:9GX:0GY:0,GZ:0"",""path"":""PINKEY01""}","PINKEY01","","PAPA",NULL
3635911,"2023-06-08 22:35:36.962371+00","2023-06-08 22:35:36.962372+00","33","{""DeviceID"":""PINKEY01"",""MessageID"":""d66x"",""Payload"":""C:286LT:35.1717LG:-119.9159IT:26.5807ET:-2.9905e\u002B181IP:60398.6316EP:-3.4782e\u002B177IA:4156.4278EA:-7.6593e\u002B182MX:477MY:-270MZ:72AX:-1AY:4AZ:9GX:0GY:0,GZ:0"",""path"":""PINKEY01""}","PINKEY01","","PAPA",NULL
3635912,"2023-06-08 22:38:01.899396+00","2023-06-08 22:38:01.899397+00","33","{""DeviceID"":""PINKEY01"",""MessageID"":""kiy4"",""Payload"":""C:297LT:35.1645LG:-119.8948IT:25.4377ET:-2.9905e\u002B181IP:55433.2931EP:-3.4782e\u002B177IA:4806.9237EA:-7.6593e\u002B182MX:319MY:-398MZ:74AX:-1AY:4AZ:8GX:1GY:0,GZ:1"",""path"":""PINKEY01""}","PINKEY01","","PAPA",NULL
3635913,"2023-06-08 22:41:27.190636+00","2023-06-08 22:41:27.190637+00","33","{""DeviceID"":""PINKEY01"",""MessageID"":""w8m1"",""Payload"":""C:308LT:35.1620LG:-119.8872IT:25.0476ET:-2.9905e\u002B181IP:54043.4273EP:-3.4782e\u002B177IA:4997.4406EA:-7.6593e\u002B182MX:432MY:-513MZ:102AX:-1AY:4AZ:9GX:0GY:1,GZ:0"",""path"":""PINKEY01""}","PINKEY01","","PAPA",NULL
3635914,"2023-06-08 22:43:52.225481+00","2023-06-08 22:43:52.225481+00","33","{""DeviceID"":""PINKEY01"",""MessageID"":""pe0z"",""Payload"":""C:330LT:35.1501LG:-119.8515IT:23.8436ET:-2.9905e\u002B181IP:48225.1340EP:-3.4782e\u002B177IA:5840.8410EA:-7.6593e\u002B182MX:542MY:-311MZ:80AX:-1AY:5AZ:9GX:-1GY:0,GZ:"",""path"":""PINKEY01""}","PINKEY01","","PAPA",NULL
3635915,"2023-06-08 22:44:21.532146+00","2023-06-08 22:44:21.532147+00","33","{""DeviceID"":""PINKEY01"",""MessageID"":""69d0"",""Payload"":""C:341LT:35.1488LG:-119.8481IT:23.6530ET:-2.9905e\u002B181IP:47662.4599EP:-3.4782e\u002B177IA:5926.7048EA:-7.6593e\u002B182MX:345MY:-453MZ:85AX:-1AY:4AZ:9GX:-1GY:0,GZ:"",""path"":""PINKEY01""}","PINKEY01","","PAPA",NULL
3635916,"2023-06-08 22:50:42.880117+00","2023-06-08 22:50:42.880118+00","33","{""DeviceID"":""PINKEY01"",""MessageID"":""etcb"",""Payload"":""C:363LT:35.1414LG:-119.8252IT:22.4823ET:-2.9905e\u002B181IP:44370.1052EP:-3.4782e\u002B177IA:6446.2482EA:-7.6593e\u002B182MX:307MY:-398MZ:77AX:-1AY:4AZ:9GX:0GY:0,GZ:0"",""path"":""PINKEY01""}","PINKEY01","","PAPA",NULL
3635917,"2023-06-08 22:52:28.058131+00","2023-06-08 22:52:28.058132+00","33","{""DeviceID"":""PINKEY01"",""MessageID"":""rdnv"",""Payload"":""C:374LT:35.1309LG:-119.7928IT:20.4608ET:-2.9905e\u002B181IP:39656.5978EP:-3.4782e\u002B177IA:7247.3002EA:-7.6593e\u002B182MX:278MY:-426MZ:87AX:-1AY:5AZ:9GX:-1GY:0,GZ:"",""path"":""PINKEY01""}","PINKEY01","","PAPA",NULL
3635918,"2023-06-08 22:53:06.753978+00","2023-06-08 22:53:06.753979+00","33","{""DeviceID"":""PINKEY01"",""MessageID"":""jze6"",""Payload"":""C:385LT:35.1297LG:-119.7880IT:20.1287ET:-2.9905e\u002B181IP:39089.8435EP:-3.4782e\u002B177IA:7348.7393EA:-7.6593e\u002B182MX:324MY:-294MZ:72AX:-1AY:4AZ:8GX:0GY:0,GZ:1"",""path"":""PINKEY01""}","PINKEY01","","PAPA",NULL
3635919,"2023-06-08 22:58:36.070409+00","2023-06-08 22:58:36.07041+00","33","{""DeviceID"":""PINKEY01"",""MessageID"":""i:3i"",""Payload"":""C:407LT:35.1265LG:-119.7788IT:19.4688ET:-2.9905e\u002B181IP:37857.1740EP:-3.4782e\u002B177IA:7573.5452EA:-7.6593e\u002B182MX:578MY:-453MZ:113AX:-1AY:4AZ:9GX:0GY:0,GZ:2"",""path"":""PINKEY01""}","PINKEY01","","PAPA",NULL
3635920,"2023-06-08 23:02:04.089094+00","2023-06-08 23:02:04.089095+00","33","{""DeviceID"":""PINKEY01"",""MessageID"":""mldt"",""Payload"":""C:429LT:35.1156LG:-119.7192IT:14.6513ET:-2.9905e\u002B181IP:30184.8317EP:-3.4782e\u002B177IA:9124.0301EA:-7.6593e\u002B182MX:290MY:-434MZ:89AX:-1AY:6AZ:12GX:1GY:4,GZ:"",""path"":""PINKEY01""}","PINKEY01","","PAPA",NULL
3635921,"2023-06-08 23:09:32.523395+00","2023-06-08 23:09:32.523396+00","33","{""DeviceID"":""PINKEY01"",""MessageID"":""2kuq"",""Payload"":""C:451LT:35.1128LG:-119.6565IT:9.0208ET:-2.9905e\u002B181IP:23195.7295EP:-3.4782e\u002B177IA:10845.0050EA:-7.6593e\u002B182MX:521MY:-534MZ:138AX:-1AY:4AZ:7GX:0GY:-1,GZ:0"",""path"":""PINKEY01""}","PINKEY01","","PAPA",NULL
3635922,"2023-06-08 23:10:17.457457+00","2023-06-08 23:10:17.457458+00","33","{""DeviceID"":""PINKEY01"",""MessageID"":""weay"",""Payload"":""C:462LT:35.1134LG:-119.6500IT:8.5100ET:-2.9905e\u002B181IP:22631.1924EP:-3.4782e\u002B177IA:11001.6381EA:-7.6593e\u002B182MX:549MY:-450MZ:101AX:-1AY:5AZ:10GX:1GY:0,GZ"",""path"":""PINKEY01""}","PINKEY01","","PAPA",NULL
3635923,"2023-06-08 23:11:32.243263+00","2023-06-08 23:11:32.243264+00","33","{""DeviceID"":""PINKEY01"",""MessageID"":""u84l"",""Payload"":""C:473LT:35.1137LG:-119.6439IT:8.1320ET:-2.9905e\u002B181IP:22161.7325EP:-3.4782e\u002B177IA:11134.3196EA:-7.6593e\u002B182MX:377MY:-515MZ:105AX:-1AY:4AZ:8GX:-1GY:2,GZ:"",""path"":""PINKEY01""}","PINKEY01","","PAPA",NULL
3635924,"2023-06-08 23:15:55.948183+00","2023-06-08 23:15:55.948184+00","33","{""DeviceID"":""PINKEY01"",""MessageID"":"":r0i"",""Payload"":""C:484LT:35.1131LG:-119.6337IT:7.2767ET:-2.9905e\u002B181IP:21207.4883EP:-3.4782e\u002B177IA:11411.1855EA:-7.6593e\u002B182MX:403MY:-477MZ:92AX:-1AY:4AZ:8GX:0GY:0,GZ:1"",""path"":""PINKEY01""}","PINKEY01","","PAPA",NULL
3635925,"2023-06-08 23:23:26.679516+00","2023-06-08 23:23:26.679517+00","33","{""DeviceID"":""PINKEY01"",""MessageID"":""zsif"",""Payload"":""C:517LT:35.1077LG:-119.5764IT:3.4461ET:-2.9905e\u002B181IP:15926.0445EP:-3.4782e\u002B177IA:13157.2547EA:-7.6593e\u002B182MX:595MY:-438MZ:109AX:-1AY:4AZ:7GX:0GY:1,GZ:2"",""path"":""PINKEY01""}","PINKEY01","","PAPA",NULL
3635926,"2023-06-08 23:25:01.836033+00","2023-06-08 23:25:01.836034+00","33","{""DeviceID"":""PINKEY01"",""MessageID"":""kfh7"",""Payload"":""C:528LT:35.1097LG:-119.5586IT:2.4344ET:-2.9905e\u002B181IP:14144.1296EP:-3.4782e\u002B177IA:13853.2377EA:-7.6593e\u002B182MX:470MY:-513MZ:110AX:-1AY:5AZ:9GX:0GY:0,GZ:"",""path"":""PINKEY01""}","PINKEY01","","PAPA",NULL
3635927,"2023-06-08 23:29:49.419534+00","2023-06-08 23:29:49.419535+00","33","{""DeviceID"":""PINKEY01"",""MessageID"":""s:ld"",""Payload"":""C:561LT:35.1096LG:-119.5526IT:2.0693ET:-2.9905e\u002B181IP:13479.6932EP:-3.4782e\u002B177IA:14131.0124EA:-7.6593e\u002B182MX:321MY:-443MZ:89AX:-1AY:4AZ:8GX:-1GY:0,GZ:1"",""path"":""PINKEY01""}","PINKEY01","","PAPA",NULL
3635928,"2023-06-08 23:32:49.51591+00","2023-06-08 23:32:49.515911+00","33","{""DeviceID"":""PINKEY01"",""MessageID"":""d:si"",""Payload"":""C:572LT:35.1156LG:-119.5404IT:1.1452ET:-2.9905e\u002B181IP:11546.3618EP:-3.4782e\u002B177IA:15007.7069EA:-7.6593e\u002B182MX:516MY:-503MZ:111AX:-1AY:5AZ:9GX:0GY:1,GZ:1"",""path"":""PINKEY01""}","PINKEY01","","PAPA",NULL
3635929,"2023-06-08 23:37:03.882195+00","2023-06-08 23:37:03.882196+00","33","{""DeviceID"":""PINKEY01"",""MessageID"":""8mxo"",""Payload"":""C:594LT:35.1193LG:-119.5395IT:0.6178ET:-2.9905e\u002B181IP:10437.3789EP:-3.4782e\u002B177IA:15565.7675EA:-7.6593e\u002B182MX:540MY:-467MZ:103AX:-1AY:4AZ:8GX:0GY:0,GZ:"",""path"":""PINKEY01""}","PINKEY01","","PAPA",NULL
3635930,"2023-06-08 23:38:25.97982+00","2023-06-08 23:38:25.979821+00","33","{""DeviceID"":""PINKEY01"",""MessageID"":""sdzm"",""Payload"":""C:605LT:35.1209LG:-119.5378IT:0.0203ET:-2.9905e\u002B181IP:9181.7104EP:-3.4782e\u002B177IA:16258.8970EA:-7.6593e\u002B182MX:425MY:-258MZ:75AX:-1AY:5AZ:9GX:1GY:0,GZ:"",""path"":""PINKEY01""}","PINKEY01","","PAPA",NULL
3635931,"2023-06-08 23:39:06.386618+00","2023-06-08 23:39:06.386619+00","33","{""DeviceID"":""PINKEY01"",""MessageID"":""6zqc"",""Payload"":""C:616LT:35.1224LG:-119.5374IT:-0.0722ET:-2.9905e\u002B181IP:9032.1173EP:-3.4782e\u002B177IA:16346.5079EA:-7.6593e\u002B182MX:276MY:-376MZ:86AX:-1AY:4AZ:9GX:0GY:0,GZ:1"",""path"":""PINKEY01""}","PINKEY01","","PAPA",NULL
3635932,"2023-06-08 23:47:46.288583+00","2023-06-08 23:47:46.288584+00","33","{""DeviceID"":""PINKEY01"",""MessageID"":""ai1o"",""Payload"":""C:638LT:35.1202LG:-119.5387IT:-0.7351ET:-2.9905e\u002B181IP:7812.2895EP:-3.4782e\u002B177IA:17108.5542EA:-7.6593e\u002B182MX:569MY:-462MZ:112AX:-1AY:4AZ:8GX:-1GY:1,GZ:"",""path"":""PINKEY01""}","PINKEY01","","PAPA",NULL
3635933,"2023-06-08 23:51:16.395862+00","2023-06-08 23:51:16.395863+00","33","{""DeviceID"":""PINKEY01"",""MessageID"":""16l2"",""Payload"":""C:649LT:35.1260LG:-119.5371IT:-1.4500ET:-2.9905e\u002B181IP:6300.3102EP:-3.4782e\u002B177IA:18200.2943EA:-7.6593e\u002B182MX:564MY:-455MZ:106AX:-1AY:4AZ:8GX:-1GY:1,GZ:"",""path"":""PINKEY01""}","PINKEY01","","PAPA",NULL
3635934,"2023-06-08 23:53:21.248089+00","2023-06-08 23:53:21.24809+00","33","{""DeviceID"":""PINKEY01"",""MessageID"":""ohyo"",""Payload"":""C:660LT:35.1274LG:-119.5427IT:-1.6214ET:-2.9905e\u002B181IP:5822.9231EP:-3.4782e\u002B177IA:18589.1752EA:-7.6593e\u002B182MX:547MY:-330MZ:85AX:-1AY:5AZ:9GX:0GY:2,GZ:3"",""path"":""PINKEY01""}","PINKEY01","","PAPA",NULL
3635935,"2023-06-08 23:54:00.179497+00","2023-06-08 23:54:00.179498+00","33","{""DeviceID"":""PINKEY01"",""MessageID"":""kvqh"",""Payload"":""C:671LT:35.1248LG:-119.5481IT:-1.7703ET:-2.9905e\u002B181IP:5385.8888EP:-3.4782e\u002B177IA:18968.5216EA:-7.6593e\u002B182MX:475MY:-513MZ:112AX:-1AY:4AZ:9GX:-1GY:1,GZ:"",""path"":""PINKEY01""}","PINKEY01","","PAPA",NULL
3635936,"2023-06-08 23:55:41.234518+00","2023-06-08 23:55:41.234519+00","33","{""DeviceID"":""PINKEY01"",""MessageID"":""ry1y"",""Payload"":""C:682LT:35.1228LG:-119.5529IT:-1.8357ET:-2.9905e\u002B181IP:5055.2681EP:-3.4782e\u002B177IA:19272.4304EA:-7.6593e\u002B182MX:461MY:-263MZ:77AX:-1AY:5AZ:9GX:0GY:2,GZ:3"",""path"":""PINKEY01""}","PINKEY01","","PAPA",NULL
3635937,"2023-06-08 23:56:13.621974+00","2023-06-08 23:56:13.621975+00","33","{""DeviceID"":""PINKEY01"",""MessageID"":""droj"",""Payload"":""C:693LT:35.1221LG:-119.5555IT:-1.8493ET:-2.9905e\u002B181IP:4950.2403EP:-3.4782e\u002B177IA:19372.3406EA:-7.6593e\u002B182MX:497MY:-251MZ:80AX:-1AY:4AZ:8GX:0GY:1,GZ:3"",""path"":""PINKEY01""}","PINKEY01","","PAPA",NULL
3635938,"2023-06-09 00:02:42.051533+00","2023-06-09 00:02:42.051534+00","33","{""DeviceID"":""PINKEY01"",""MessageID"":""spyr"",""Payload"":""C:726LT:35.1343LG:-119.5746IT:-1.7523ET:-2.9905e\u002B181IP:3887.5019EP:-3.4782e\u002B177IA:20494.1129EA:-7.6593e\u002B182MX:336MY:-388MZ:82AX:-1AY:4AZ:8GX:-1GY:1,GZ:"",""path"":""PINKEY01""}","PINKEY01","","PAPA",NULL
3635939,"2023-06-09 00:12:00.332028+00","2023-06-09 00:12:00.332029+00","33","{""DeviceID"":""PINKEY01"",""MessageID"":""d0ti"",""Payload"":""C:759LT:35.1447LG:-119.6067IT:-0.8456ET:-2.9905e\u002B181IP:2760.8342EP:-3.4782e\u002B177IA:21996.9661EA:-7.6593e\u002B182MX:554MY:-436MZ:102AX:-1AY:4AZ:8GX:0GY:1,GZ:"",""path"":""PINKEY01""}","PINKEY01","","PAPA",NULL
3635940,"2023-06-09 00:14:37.025306+00","2023-06-09 00:14:37.025307+00","33","{""DeviceID"":""PINKEY01"",""MessageID"":""f2be"",""Payload"":""C:781LT:35.1438LG:-119.6125IT:-0.4622ET:-2.9905e\u002B181IP:2497.8903EP:-3.4782e\u002B177IA:22418.2946EA:-7.6593e\u002B182MX:336MY:-395MZ:81AX:-1AY:4AZ:8GX:0GY:2,GZ:3"",""path"":""PINKEY01""}","PINKEY01","","PAPA",NULL
3635941,"2023-06-09 00:19:20.702048+00","2023-06-09 00:19:20.702049+00","33","{""DeviceID"":""PINKEY01"",""MessageID"":""a054"",""Payload"":""C:792LT:35.1443LG:-119.6164IT:-0.2954ET:-2.9905e\u002B181IP:2398.4321EP:-3.4782e\u002B177IA:22587.0610EA:-7.6593e\u002B182MX:398MY:-513MZ:105AX:-1AY:4AZ:8GX:-1GY:2,GZ:3"",""path"":""PINKEY01""}","PINKEY01","","PAPA",NULL
3635942,"2023-06-09 00:22:04.158108+00","2023-06-09 00:22:04.158109+00","33","{""DeviceID"":""PINKEY01"",""MessageID"":""6wt0"",""Payload"":""C:814LT:35.1389LG:-119.6303IT:0.5028ET:-2.9905e\u002B181IP:1991.0376EP:-3.4782e\u002B177IA:23343.8251EA:-7.6593e\u002B182MX:552MY:-333MZ:88AX:-1AY:4AZ:8GX:0GY:1,GZ:3"",""path"":""PINKEY01""}","PINKEY01","","PAPA",NULL
3635943,"2023-06-09 00:27:57.570329+00","2023-06-09 00:27:57.57033+00","33","{""DeviceID"":""PINKEY01"",""MessageID"":""gy90"",""Payload"":""C:836LT:35.1270LG:119.6524IT:1.2963ET:-2.9905e\u002B181IP:1684.9801EP:-3.4782e\u002B177IA:23999.8857EA:-7.6593e\u002B182MX:559MY:-453MZ:106AX:-1AY:4AZ:9GX:0GY:1,GZ:3"",""path"":""PINKEY01""}","PINKEY01","","PAPA",NULL
3635944,"2023-06-09 00:35:43.907866+00","2023-06-09 00:35:43.907868+00","33","{""DeviceID"":""PINKEY01"",""MessageID"":""w7ua"",""Payload"":""C:858LT:35.1318LG:-119.7086IT:3.5678ET:-2.9905e\u002B181IP:1118.5467EP:-3.4782e\u002B177IA:25524.7717EA:-7.6593e\u002B182MX:564MY:-448MZ:109AX:-1AY:4AZ:9GX:0GY:0,GZ:2"",""path"":""PINKEY01""}","PINKEY01","","PAPA",NULL
3635945,"2023-06-09 00:36:22.825207+00","2023-06-09 00:36:22.825208+00","33","{""DeviceID"":""PINKEY01"",""MessageID"":""fanb"",""Payload"":""C:869LT:35.1322LG:-119.7106IT:3.7120ET:-2.9905e\u002B181IP:1097.2722EP:-3.4782e\u002B177IA:25593.3651EA:-7.6593e\u002B182MX:554MY:-467MZ:107AX:-1AY:4AZ:8GX:-1GY:1,GZ:"",""path"":""PINKEY01""}","PINKEY01","","PAPA",NULL
3635946,"2023-06-09 00:43:37.007909+00","2023-06-09 00:43:37.00791+00","33","{""DeviceID"":""PINKEY01"",""MessageID"":""vbeu"",""Payload"":""C:891LT:35.1335LG:-119.7345IT:4.1332ET:-2.9905e\u002B181IP:5166.8684EP:-3.4782e\u002B177IA:19168.0931EA:-7.6593e\u002B182MX:194MY:-441MZ:121AX:-2AY:8AZ:13GX:13GY:23,G"",""path"":""PINKEY01""}","PINKEY01","","PAPA",NULL
3635947,"2023-06-09 00:47:18.00634+00","2023-06-09 00:47:18.006341+00","33","{""DeviceID"":""PINKEY01"",""MessageID"":""fs8b"",""Payload"":""C:913LT:35.1325LG:-119.7370IT:3.0158ET:-2.9905e\u002B181IP:7770.9809EP:-3.4782e\u002B177IA:17136.0035EA:-7.6593e\u002B182MX:245MY:-467MZ:114AX:-1AY:4AZ:10GX:8GY:8,GZ"",""path"":""PINKEY01""}","PINKEY01","","PAPA",NULL
3635948,"2023-06-09 01:07:20.392969+00","2023-06-09 01:07:20.39297+00","33","{""DeviceID"":""PINKEY01"",""MessageID"":""7bto"",""Payload"":""C:979LT:infLG:infIT:-3.5978ET:-2.9905e\u002B181IP:71675.7532EP:-3.4782e\u002B177IA:2826.1906EA:-7.6593e\u002B182MX:667MY:-191MZ:133AX:-2AY:7AZ:12GX:-11GY:-1,"",""path"":""PINKEY01""}","PINKEY01","","PAPA",NULL
3635949,"2023-06-09 01:12:11.306338+00","2023-06-09 01:12:11.306339+00","33","{""DeviceID"":""PINKEY01"",""MessageID"":""9mqo"",""Payload"":""C:1012LT:35.1004LG:-119.6081IT:4.5206ET:-2.9905e\u002B181IP:92448.9915EP:-3.4782e\u002B177IA:766.6524EA:-7.6593e\u002B182MX:590MY:-110MZ:123AX:-2AY:5AZ:11GX:4GY:1,GZ:-1"",""path"":""PINKEY01""}","PINKEY01","","PAPA",NULL
3635955,"2023-06-10 13:43:53.098694+00","2023-06-10 13:43:53.098695+00","37","{""DeviceID"":""TARAQUR1"",""MessageID"":""xfyv"",""Payload"":""C:11LT:35.3255LG:-120.6618IT:22.0359ET:-0.0000IP:99100.0471EP:9.9604e\u002B12IA:186.9065EA:-9.9556e\u002B224MX:-59MY:45MZ:-121AX:0AY:0AZ:10GX:0GY:0,GZ:0"",""path"":""TARAQUR1""}","TARAQUR1","","PAPA",NULL
3635956,"2023-06-10 13:46:41.265571+00","2023-06-10 13:46:41.265572+00","37","{""DeviceID"":""TARAQUR1"",""MessageID"":""xfyv"",""Payload"":""C:11LT:35.3255LG:-120.6618IT:22.0359ET:-0.0000IP:99100.0471EP:9.9604e\u002B12IA:186.9065EA:-9.9556e\u002B224MX:-59MY:45MZ:-121AX:0AY:0AZ:10GX:0GY:0,GZ:0"",""path"":""TARAQUR1""}","TARAQUR1","","PAPA",NULL
3635957,"2023-06-10 14:17:13.520744+00","2023-06-10 14:17:13.520744+00","38","{""DeviceID"":""TARAQUR1"",""MessageID"":""xfyv"",""Payload"":""C:11LT:35.3256LG:-120.6618IT:20.1017ET:-0.0000IP:99141.3447EP:1.2161e\u002B13IA:183.4066EA:-5.1166e\u002B187MX:-11MY:96MZ:-105AX:0AY:0AZ:10GX:0GY:0,GZ:"",""path"":""TARAQUR1""}","TARAQUR1","","PAPA",NULL
3635958,"2023-06-10 14:20:38.397029+00","2023-06-10 14:20:38.39703+00","38","{""DeviceID"":""TARAQUR1"",""MessageID"":""csjp"",""Payload"":""C:33LT:35.3256LG:-120.6618IT:15.0828ET:-0.0000IP:99139.1749EP:1.2161e\u002B13IA:183.5904EA:-5.1166e\u002B187MX:-18MY:101MZ:-110AX:0AY:0AZ:10GX:0GY:0,GZ:"",""path"":""TARAQUR1""}","TARAQUR1","","PAPA",NULL
3635959,"2023-06-10 14:21:13.961214+00","2023-06-10 14:21:13.961215+00","38","{""DeviceID"":""TARAQUR1"",""MessageID"":""sw8w"",""Payload"":""C:44LT:35.3256LG:-120.6618IT:15.0221ET:-0.0000IP:99139.8189EP:1.2161e\u002B13IA:183.5358EA:-5.1166e\u002B187MX:-16MY:101MZ:-110AX:0AY:0AZ:10GX:0GY:0,GZ:0"",""path"":""TARAQUR1""}","TARAQUR1","","PAPA",NULL
3635960,"2023-06-10 14:22:13.135032+00","2023-06-10 14:22:13.135033+00","38","{""DeviceID"":""TARAQUR1"",""MessageID"":""s52r"",""Payload"":""C:66LT:35.3256LG:-120.6619IT:14.9772ET:-0.0000IP:99137.4791EP:1.2161e\u002B13IA:183.7341EA:-5.1166e\u002B187MX:-21MY:96MZ:-108AX:0AY:0AZ:10GX:0GY:0,GZ:0"",""path"":""TARAQUR1""}","TARAQUR1","","PAPA",NULL
3635961,"2023-06-10 14:24:43.332999+00","2023-06-10 14:24:43.333+00","38","{""DeviceID"":""TARAQUR1"",""MessageID"":""jlu3"",""Payload"":""C:22LT:35.3256LG:-120.6618IT:15.6445ET:-0.0000IP:99139.4514EP:1.2161e\u002B13IA:183.5670EA:-5.1166e\u002B187MX:-16MY:101MZ:-111AX:0AY:0AZ:10GX:0GY:0,GZ:0"",""path"":""TARAQUR1""}","TARAQUR1","","PAPA",NULL
3635962,"2023-06-10 14:26:42.430263+00","2023-06-10 14:26:42.430264+00","38","{""DeviceID"":""TARAQUR1"",""MessageID"":""fndj"",""Payload"":""C:77LT:35.3255LG:-120.6619IT:14.8873ET:-0.0000IP:99137.9273EP:1.2161e\u002B13IA:183.6961EA:-5.1166e\u002B187MX:-16MY:98MZ:-111AX:0AY:0AZ:10GX:0GY:0,GZ:0"",""path"":""TARAQUR1""}","TARAQUR1","","PAPA",NULL
3635963,"2023-06-10 14:27:37.102685+00","2023-06-10 14:27:37.102686+00","38","{""DeviceID"":""TARAQUR1"",""MessageID"":""5vwp"",""Payload"":""C:55LT:35.3256LG:-120.6619IT:14.9906ET:-0.0000IP:99140.6456EP:1.2161e\u002B13IA:183.4658EA:-5.1166e\u002B187MX:-14MY:101MZ:-109AX:0AY:0AZ:10GX:0GY:0,GZ:"",""path"":""TARAQUR1""}","TARAQUR1","","PAPA",NULL
3635964,"2023-06-10 14:29:13.285388+00","2023-06-10 14:29:13.285389+00","38","{""DeviceID"":""TARAQUR1"",""MessageID"":""wu1i"",""Payload"":""C:110LT:35.3256LG:-120.6618IT:14.2334ET:-0.0000IP:99124.7484EP:1.2161e\u002B13IA:184.8130EA:-5.1166e\u002B187MX:-11MY:101MZ:-111AX:0AY:0AZ:10GX:0GY:0,GZ:0"",""path"":""TARAQUR1""}","TARAQUR1","","PAPA",NULL
3635965,"2023-06-10 14:30:07.426313+00","2023-06-10 14:30:07.426314+00","38","{""DeviceID"":""TARAQUR1"",""MessageID"":""h72i"",""Payload"":""C:132LT:35.3256LG:-120.6618IT:14.3322ET:-0.0000IP:99122.3744EP:1.2161e\u002B13IA:185.0141EA:-5.1166e\u002B187MX:-18MY:98MZ:-110AX:0AY:0AZ:10GX:0GY:0,GZ:0"",""path"":""TARAQUR1""}","TARAQUR1","","PAPA",NULL
3635966,"2023-06-10 14:32:32.462481+00","2023-06-10 14:32:32.462482+00","38","{""DeviceID"":""TARAQUR1"",""MessageID"":""jlu3"",""Payload"":""C:22LT:35.3256LG:-120.6618IT:15.6445ET:-0.0000IP:99139.4514EP:1.2161e\u002B13IA:183.5670EA:-5.1166e\u002B187MX:-16MY:101MZ:-111AX:0AY:0AZ:10GX:0GY:0,GZ:0"",""path"":""TARAQUR1""}","TARAQUR1","","PAPA",NULL
3635967,"2023-06-10 14:35:08.926081+00","2023-06-10 14:35:08.926082+00","38","{""DeviceID"":""TARAQUR1"",""MessageID"":""5vwp"",""Payload"":""C:55LT:35.3256LG:-120.6619IT:14.9906ET:-0.0000IP:99140.6456EP:1.2161e\u002B13IA:183.4658EA:-5.1166e\u002B187MX:-14MY:101MZ:-109AX:0AY:0AZ:10GX:0GY:0,GZ:"",""path"":""TARAQUR1""}","TARAQUR1","","PAPA",NULL
3635968,"2023-06-10 14:35:40.080394+00","2023-06-10 14:35:40.080395+00","38","{""DeviceID"":""TARAQUR1"",""MessageID"":""2l02"",""Payload"":""C:121LT:35.3256LG:-120.6618IT:14.2626ET:-0.0000IP:99124.9569EP:1.2161e\u002B13IA:184.7953EA:-5.1166e\u002B187MX:-21MY:103MZ:-112AX:0AY:0AZ:10GX:0GY:0,GZ:"",""path"":""TARAQUR1""}","TARAQUR1","","PAPA",NULL
3635969,"2023-06-10 14:43:20.373881+00","2023-06-10 14:43:20.373882+00","38","{""DeviceID"":""TARAQUR1"",""MessageID"":""2l02"",""Payload"":""C:121LT:35.3256LG:-120.6618IT:14.2626ET:-0.0000IP:99124.9569EP:1.2161e\u002B13IA:184.7953EA:-5.1166e\u002B187MX:-21MY:103MZ:-112AX:0AY:0AZ:10GX:0GY:0,GZ:"",""path"":""TARAQUR1""}","TARAQUR1","","PAPA",NULL
3635972,"2023-06-10 18:43:43.927074+00","2023-06-10 18:43:43.927076+00","38","{""DeviceID"":""TARAQUR1"",""MessageID"":""xfyv"",""Payload"":""C:11LT:infLG:infIT:27.8377ET:-0.0000IP:100068.0254EP:0.0000IA:105.1785EA:-1.5930e\u002B226MX:441MY:26MZ:-72AX:-9AY:0AZ:0GX:0GY:0,GZ:0"",""path"":""TARAQUR1""}","TARAQUR1","","PAPA",NULL
3635973,"2023-06-10 18:47:10.31102+00","2023-06-10 18:47:10.311021+00","38","{""DeviceID"":""TARAQUR1"",""MessageID"":""bv:r"",""Payload"":""C:44LT:35.3533LG:-119.2907IT:29.5311ET:-0.0000IP:100063.8546EP:0.0000IA:105.5293EA:-1.5930e\u002B226MX:288MY:-42MZ:3AX:-9AY:0AZ:0GX:0GY:0,GZ:0"",""path"":""TARAQUR1""}","TARAQUR1","","PAPA",NULL
3635974,"2023-06-10 18:52:51.685413+00","2023-06-10 18:52:51.685414+00","38","{""DeviceID"":""TARAQUR1"",""MessageID"":""s52r"",""Payload"":""C:66LT:35.3550LG:-119.2907IT:30.2073ET:-0.0000IP:100059.3319EP:0.0000IA:105.9097EA:-1.5930e\u002B226MX:295MY:-38MZ:5AX:-9AY:0AZ:0GX:0GY:0,GZ:0"",""path"":""TARAQUR1""}","TARAQUR1","","PAPA",NULL
3635975,"2023-06-10 18:53:02.657542+00","2023-06-10 18:53:02.657543+00","38","{""DeviceID"":""TARAQUR1"",""MessageID"":""g9o8"",""Payload"":""C:55LT:35.3550LG:-119.2907IT:29.7259ET:-0.0000IP:100064.5673EP:0.0000IA:105.4693EA:-1.5930e\u002B226MX:290MY:-40MZ:5AX:-9AY:0AZ:0GX:0GY:0,GZ:0"",""path"":""TARAQUR1""}","TARAQUR1","","PAPA",NULL
3635976,"2023-06-10 18:56:21.063319+00","2023-06-10 18:56:21.06332+00","38","{""DeviceID"":""TARAQUR1"",""MessageID"":""wu1i"",""Payload"":""C:110LT:35.3550LG:-119.2907IT:31.5528ET:-0.0000IP:100061.1090EP:0.0000IA:105.7602EA:-1.5930e\u002B226MX:293MY:-45MZ:2AX:-9AY:0AZ:0GX:0GY:0,GZ:0"",""path"":""TARAQUR1""}","TARAQUR1","","PAPA",NULL
3635977,"2023-06-10 19:00:06.416385+00","2023-06-10 19:00:06.416386+00","38","{""DeviceID"":""TARAQUR1"",""MessageID"":""v0cq"",""Payload"":""C:88LT:35.3550LG:-119.2907IT:31.2103ET:-0.0000IP:100057.8404EP:0.0000IA:106.0351EA:-1.5930e\u002B226MX:297MY:-45MZ:2AX:-9AY:0AZ:0GX:0GY:0,GZ:"",""path"":""TARAQUR1""}","TARAQUR1","","PAPA",NULL
3635978,"2023-06-10 19:01:46.7995+00","2023-06-10 19:01:46.799501+00","38","{""DeviceID"":""TARAQUR1"",""MessageID"":""rfey"",""Payload"":""C:99LT:35.3550LG:-119.2907IT:31.4767ET:-0.0000IP:100061.8100EP:0.0000IA:105.7012EA:-1.5930e\u002B226MX:290MY:-26MZ:2AX:-9AY:0AZ:0GX:0GY:0,GZ:0"",""path"":""TARAQUR1""}","TARAQUR1","","PAPA",NULL
3635979,"2023-06-10 19:12:12.031868+00","2023-06-10 19:12:12.031869+00","38","{""DeviceID"":""TARAQUR1"",""MessageID"":""8ffk"",""Payload"":""C:154LT:35.3550LG:-119.2907IT:32.4212ET:-0.0000IP:100056.3963EP:0.0000IA:106.1566EA:-1.5930e\u002B226MX:307MY:-50MZ:3AX:-9AY:0AZ:0GX:0GY:0,GZ:0"",""path"":""TARAQUR1""}","TARAQUR1","","PAPA",NULL
3635980,"2023-06-10 19:12:13.872515+00","2023-06-10 19:12:13.872516+00","38","{""DeviceID"":""TARAQUR1"",""MessageID"":""xfyv"",""Payload"":""C:11LT:35.3550LG:-119.2907IT:31.9825ET:-0.0000IP:100044.7970EP:9.9604e\u002B12IA:107.1322EA:-9.4385e\u002B206MX:273MY:-2MZ:-163AX:-9AY:0AZ:0GX:0GY:0,GZ:"",""path"":""TARAQUR1""}","TARAQUR1","","PAPA",NULL
3635981,"2023-06-10 19:15:10.138751+00","2023-06-10 19:15:10.138752+00","38","{""DeviceID"":""TARAQUR1"",""MessageID"":""g9o8"",""Payload"":""C:55LT:35.3550LG:-119.2907IT:32.0967ET:-0.0000IP:100039.9534EP:9.9604e\u002B12IA:107.5396EA:-9.4385e\u002B206MX:271MY:12MZ:-162AX:-9AY:0AZ:0GX:0GY:0,GZ:0"",""path"":""TARAQUR1""}","TARAQUR1","","PAPA",NULL
3635983,"2023-06-10 19:18:02.935452+00","2023-06-10 19:18:02.935454+00","38","{""DeviceID"":""TARAQUR1"",""MessageID"":""jlu3"",""Payload"":""C:22LT:35.3550LG:-119.2907IT:32.1392ET:-0.0000IP:100041.1292EP:9.9604e\u002B12IA:107.4407EA:-9.4385e\u002B206MX:276MY:9MZ:-161AX:-9AY:0AZ:0GX:0GY:0,GZ:0"",""path"":""TARAQUR1""}","TARAQUR1","","PAPA",NULL
3635984,"2023-06-10 19:18:43.369157+00","2023-06-10 19:18:43.369158+00","38","{""DeviceID"":""TARAQUR1"",""MessageID"":""v0cq"",""Payload"":""C:88LT:35.3550LG:-119.2907IT:32.2063ET:-0.0000IP:100027.6870EP:9.9604e\u002B12IA:108.5715EA:-9.4385e\u002B206MX:269MY:7MZ:-160AX:-9AY:0AZ:0GX:0GY:0,GZ:0"",""path"":""TARAQUR1""}","TARAQUR1","","PAPA",NULL
3635985,"2023-06-10 19:19:19.023053+00","2023-06-10 19:19:19.023054+00","38","{""DeviceID"":""TARAQUR1"",""MessageID"":"":904"",""Payload"":""C:33LT:35.3550LG:-119.2907IT:32.1437ET:-0.0000IP:100039.4884EP:9.9604e\u002B12IA:107.5788EA:-9.4385e\u002B206MX:276MY:7MZ:-162AX:-9AY:0AZ:0GX:0GY:0,GZ:0"",""path"":""TARAQUR1""}","TARAQUR1","","PAPA",NULL
3635986,"2023-06-10 19:19:20.465796+00","2023-06-10 19:19:20.465797+00","38","{""DeviceID"":""TARAQUR1"",""MessageID"":""o1zp"",""Payload"":""C:99LT:35.3550LG:-119.2907IT:32.2131ET:-0.0000IP:100031.8780EP:9.9604e\u002B12IA:108.2190EA:-9.4385e\u002B206MX:257MY:17MZ:-161AX:-9AY:0AZ:0GX:0GY:0,GZ:0"",""path"":""TARAQUR1""}","TARAQUR1","","PAPA",NULL
3635987,"2023-06-10 19:21:12.621191+00","2023-06-10 19:21:12.621192+00","38","{""DeviceID"":""TARAQUR1"",""MessageID"":""g9o8"",""Payload"":""C:55LT:35.3550LG:-119.2907IT:29.7259ET:-0.0000IP:100064.5673EP:0.0000IA:105.4693EA:-1.5930e\u002B226MX:290MY:-40MZ:5AX:-9AY:0AZ:0GX:0GY:0,GZ:0"",""path"":""TARAQUR1""}","TARAQUR1","","PAPA",NULL
3635988,"2023-06-10 19:21:15.346961+00","2023-06-10 19:21:15.346962+00","38","{""DeviceID"":""TARAQUR1"",""MessageID"":""njaw"",""Payload"":""C:121LT:35.3550LG:-119.2907IT:32.2444ET:-0.0000IP:100031.0315EP:9.9604e\u002B12IA:108.2902EA:-9.4385e\u002B206MX:288MY:2MZ:-162AX:-9AY:0AZ:0GX:0GY:0,GZ:0"",""path"":""TARAQUR1""}","TARAQUR1","","PAPA",NULL
3635989,"2023-06-10 19:21:33.274324+00","2023-06-10 19:21:33.274325+00","38","{""DeviceID"":""TARAQUR1"",""MessageID"":""e5cp"",""Payload"":""C:66LT:35.3550LG:-119.2907IT:32.1325ET:-0.0000IP:100034.8097EP:9.9604e\u002B12IA:107.9723EA:-9.4385e\u002B206MX:278MY:-2MZ:-162AX:-9AY:0AZ:0GX:0GY:0,GZ:0"",""path"":""TARAQUR1""}","TARAQUR1","","PAPA",NULL
3635991,"2023-06-10 19:24:01.845628+00","2023-06-10 19:24:01.845629+00","38","{""DeviceID"":""TARAQUR1"",""MessageID"":""fndj"",""Payload"":""C:77LT:35.3550LG:-119.2907IT:32.1705ET:-0.0000IP:100031.2381EP:9.9604e\u002B12IA:108.2728EA:-9.4385e\u002B206MX:278MY:-4MZ:-162AX:-9AY:0AZ:0GX:0GY:0,GZ:0"",""path"":""TARAQUR1""}","TARAQUR1","","PAPA",NULL
3635994,"2023-06-10 19:25:40.35051+00","2023-06-10 19:25:40.350511+00","38","{""DeviceID"":""TARAQUR1"",""MessageID"":""v0cq"",""Payload"":""C:88LT:35.3550LG:-119.2907IT:31.2103ET:-0.0000IP:100057.8404EP:0.0000IA:106.0351EA:-1.5930e\u002B226MX:297MY:-45MZ:2AX:-9AY:0AZ:0GX:0GY:0,GZ:"",""path"":""TARAQUR1""}","TARAQUR1","","PAPA",NULL
3635996,"2023-06-10 19:26:50.053374+00","2023-06-10 19:26:50.053375+00","38","{""DeviceID"":""TARAQUR1"",""MessageID"":""rfey"",""Payload"":""C:99LT:35.3550LG:-119.2907IT:31.4767ET:-0.0000IP:100061.8100EP:0.0000IA:105.7012EA:-1.5930e\u002B226MX:290MY:-26MZ:2AX:-9AY:0AZ:0GX:0GY:0,GZ:0"",""path"":""TARAQUR1""}","TARAQUR1","","PAPA",NULL
3635997,"2023-06-10 19:26:52.484011+00","2023-06-10 19:26:52.484012+00","38","{""DeviceID"":""TARAQUR1"",""MessageID"":""fjmv"",""Payload"":""C:132LT:35.3550LG:-119.2907IT:32.2533ET:-0.0000IP:100026.1506EP:9.9604e\u002B12IA:108.7008EA:-9.4385e\u002B206MX:285MY:41MZ:-165AX:-9AY:0AZ:0GX:0GY:0,GZ:0"",""path"":""TARAQUR1""}","TARAQUR1","","PAPA",NULL
3636000,"2023-06-10 19:27:44.38342+00","2023-06-10 19:27:44.383421+00","38","{""DeviceID"":""TARAQUR1"",""MessageID"":""hqpg"",""Payload"":""C:165LT:35.3550LG:-119.2907IT:32.3608ET:-0.0000IP:100035.7121EP:9.9604e\u002B12IA:107.8964EA:-9.4385e\u002B206MX:266MY:247MZ:-143AX:-9AY:0AZ:0GX:0GY:0,GZ:"",""path"":""TARAQUR1""}","TARAQUR1","","PAPA",NULL
3636002,"2023-06-10 19:33:23.429832+00","2023-06-10 19:33:23.429833+00","38","{""DeviceID"":""TARAQUR1"",""MessageID"":""nnd7"",""Payload"":""C:143LT:35.3550LG:-119.2907IT:32.2444ET:-0.0000IP:100028.3699EP:9.9604e\u002B12IA:108.5141EA:-9.4385e\u002B206MX:285MY:5MZ:-161AX:-9AY:0AZ:0GX:0GY:0,GZ:0"",""path"":""TARAQUR1""}","TARAQUR1","","PAPA",NULL
3636005,"2023-06-10 19:33:25.698844+00","2023-06-10 19:33:25.698844+00","38","{""DeviceID"":""TARAQUR1"",""MessageID"":""2984"",""Payload"":""C:187LT:35.3550LG:-119.2907IT:32.4816ET:-0.0000IP:100028.0860EP:9.9604e\u002B12IA:108.5380EA:-9.4385e\u002B206MX:384MY:254MZ:-140AX:-9AY:0AZ:1GX:0GY:0,GZ:-1"",""path"":""TARAQUR1""}","TARAQUR1","","PAPA",NULL
3636007,"2023-06-10 19:34:08.370435+00","2023-06-10 19:34:08.370436+00","38","{""DeviceID"":""TARAQUR1"",""MessageID"":""8ffk"",""Payload"":""C:154LT:35.3550LG:-119.2907IT:32.4212ET:-0.0000IP:100056.3963EP:0.0000IA:106.1566EA:-1.5930e\u002B226MX:307MY:-50MZ:3AX:-9AY:0AZ:0GX:0GY:0,GZ:0"",""path"":""TARAQUR1""}","TARAQUR1","","PAPA",NULL
3636009,"2023-06-10 19:34:11.89724+00","2023-06-10 19:34:11.897241+00","38","{""DeviceID"":""TARAQUR1"",""MessageID"":""vdvc"",""Payload"":""C:176LT:35.3550LG:-119.2907IT:32.4727ET:-0.0000IP:100026.5803EP:9.9604e\u002B12IA:108.6646EA:-9.4385e\u002B206MX:350MY:293MZ:-136AX:-9AY:0AZ:0GX:0GY:0,GZ:0"",""path"":""TARAQUR1""}","TARAQUR1","","PAPA",NULL
3636011,"2023-06-10 20:01:17.006344+00","2023-06-10 20:01:17.006345+00","38","{""DeviceID"":""TARAQUR1"",""MessageID"":""jlu3"",""Payload"":""C:22LT:35.3550LG:-119.2907IT:32.1392ET:-0.0000IP:100041.1292EP:9.9604e\u002B12IA:107.4407EA:-9.4385e\u002B206MX:276MY:9MZ:-161AX:-9AY:0AZ:0GX:0GY:0,GZ:0"",""path"":""TARAQUR1""}","TARAQUR1","","PAPA",NULL
3636012,"2023-06-10 20:01:23.263734+00","2023-06-10 20:01:23.263735+00","38","{""DeviceID"":""TARAQUR1"",""MessageID"":"":904"",""Payload"":""C:33LT:35.3550LG:-119.2907IT:32.1437ET:-0.0000IP:100039.4884EP:9.9604e\u002B12IA:107.5788EA:-9.4385e\u002B206MX:276MY:7MZ:-162AX:-9AY:0AZ:0GX:0GY:0,GZ:0"",""path"":""TARAQUR1""}","TARAQUR1","","PAPA",NULL
3636013,"2023-06-10 20:01:47.274073+00","2023-06-10 20:01:47.274074+00","38","{""DeviceID"":""TARAQUR1"",""MessageID"":""e5cp"",""Payload"":""C:66LT:35.3550LG:-119.2907IT:32.1325ET:-0.0000IP:100034.8097EP:9.9604e\u002B12IA:107.9723EA:-9.4385e\u002B206MX:278MY:-2MZ:-162AX:-9AY:0AZ:0GX:0GY:0,GZ:0"",""path"":""TARAQUR1""}","TARAQUR1","","PAPA",NULL
3636015,"2023-06-10 20:02:09.832342+00","2023-06-10 20:02:09.832343+00","38","{""DeviceID"":""TARAQUR1"",""MessageID"":""fndj"",""Payload"":""C:77LT:35.3550LG:-119.2907IT:32.1705ET:-0.0000IP:100031.2381EP:9.9604e\u002B12IA:108.2728EA:-9.4385e\u002B206MX:278MY:-4MZ:-162AX:-9AY:0AZ:0GX:0GY:0,GZ:0"",""path"":""TARAQUR1""}","TARAQUR1","","PAPA",NULL
3636028,"2023-06-10 20:09:25.40291+00","2023-06-10 20:09:25.402911+00","38","{""DeviceID"":""TARAQUR1"",""MessageID"":""fjmv"",""Payload"":""C:132LT:35.3550LG:-119.2907IT:32.2533ET:-0.0000IP:100026.1506EP:9.9604e\u002B12IA:108.7008EA:-9.4385e\u002B206MX:285MY:41MZ:-165AX:-9AY:0AZ:0GX:0GY:0,GZ:0"",""path"":""TARAQUR1""}","TARAQUR1","","PAPA",NULL
3636039,"2023-06-10 20:10:22.162973+00","2023-06-10 20:10:22.162974+00","38","{""DeviceID"":""TARAQUR1"",""MessageID"":""nnd7"",""Payload"":""C:143LT:35.3550LG:-119.2907IT:32.2444ET:-0.0000IP:100028.3699EP:9.9604e\u002B12IA:108.5141EA:-9.4385e\u002B206MX:285MY:5MZ:-161AX:-9AY:0AZ:0GX:0GY:0,GZ:0"",""path"":""TARAQUR1""}","TARAQUR1","","PAPA",NULL
3636054,"2023-06-10 20:17:30.042271+00","2023-06-10 20:17:30.042272+00","38","{""DeviceID"":""TARAQUR1"",""MessageID"":""vdvc"",""Payload"":""C:176LT:35.3550LG:-119.2907IT:32.4727ET:-0.0000IP:100026.5803EP:9.9604e\u002B12IA:108.6646EA:-9.4385e\u002B206MX:350MY:293MZ:-136AX:-9AY:0AZ:0GX:0GY:0,GZ:0"",""path"":""TARAQUR1""}","TARAQUR1","","PAPA",NULL
3636065,"2023-06-10 20:23:57.930292+00","2023-06-10 20:23:57.930293+00","38","{""DeviceID"":""TARAQUR1"",""MessageID"":""1i72"",""Payload"":""C:198LT:35.3552LG:-119.2907IT:32.4615ET:-0.0000IP:100028.2932EP:9.9604e\u002B12IA:108.5205EA:-9.4385e\u002B206MX:285MY:-23MZ:-180AX:-9AY:2AZ:0GX:0GY:0,GZ:0"",""path"":""TARAQUR1""}","TARAQUR1","","PAPA",NULL
3636074,"2023-06-10 20:25:02.016277+00","2023-06-10 20:25:02.016278+00","38","{""DeviceID"":""TARAQUR1"",""MessageID"":""b5po"",""Payload"":""C:209LT:35.3552LG:-119.2907IT:33.2379ET:-0.0000IP:100017.3203EP:9.9604e\u002B12IA:109.4437EA:-9.4385e\u002B206MX:290MY:-21MZ:-179AX:-9AY:2AZ:0GX:0GY:0,GZ:0"",""path"":""TARAQUR1""}","TARAQUR1","","PAPA",NULL
3636079,"2023-06-10 20:25:18.495992+00","2023-06-10 20:25:18.495993+00","38","{""DeviceID"":""TARAQUR1"",""MessageID"":""wi9j"",""Payload"":""C:231LT:35.3552LG:-119.2907IT:33.6608ET:-0.0000IP:100019.9950EP:9.9604e\u002B12IA:109.2187EA:-9.4385e\u002B206MX:343MY:230MZ:-174AX:-9AY:2AZ:0GX:0GY:0,GZ:0"",""path"":""TARAQUR1""}","TARAQUR1","","PAPA",NULL
3636080,"2023-06-10 20:25:18.852228+00","2023-06-10 20:25:18.852229+00","38","{""DeviceID"":""TARAQUR1"",""MessageID"":""wi9j"",""Payload"":""C:231LT:35.3552LG:-119.2907IT:33.6608ET:-0.0000IP:100019.9950EP:9.9604e\u002B12IA:109.2187EA:-9.4385e\u002B206MX:343MY:230MZ:-174AX:-9AY:2AZ:0GX:0GY:0,GZ:0"",""path"":""TARAQUR1""}","TARAQUR1","","PAPA",NULL
3636085,"2023-06-10 20:25:31.457399+00","2023-06-10 20:25:31.4574+00","38","{""DeviceID"":""TARAQUR1"",""MessageID"":""ofi6"",""Payload"":""C:242LT:0.0500LG:-119.2907IT:33.6496ET:-0.0000IP:100019.5905EP:9.9604e\u002B12IA:109.2527EA:-9.4385e\u002B206MX:336MY:233MZ:-177AX:-9AY:2AZ:0GX:0GY:0,GZ:0"",""path"":""TARAQUR1""}","TARAQUR1","","PAPA",NULL
3636086,"2023-06-10 20:25:32.237974+00","2023-06-10 20:25:32.237975+00","38","{""DeviceID"":""TARAQUR1"",""MessageID"":""ofi6"",""Payload"":""C:242LT:0.0500LG:-119.2907IT:33.6496ET:-0.0000IP:100019.5905EP:9.9604e\u002B12IA:109.2527EA:-9.4385e\u002B206MX:336MY:233MZ:-177AX:-9AY:2AZ:0GX:0GY:0,GZ:0"",""path"":""TARAQUR1""}","TARAQUR1","","PAPA",NULL
3636092,"2023-06-10 20:26:06.833268+00","2023-06-10 20:26:06.833269+00","38","{""DeviceID"":""TARAQUR1"",""MessageID"":""zoe7"",""Payload"":""C:253LT:35.3552LG:-119.2907IT:33.6273ET:-0.0000IP:100016.1120EP:9.9604e\u002B12IA:109.5454EA:-9.4385e\u002B206MX:345MY:237MZ:-175AX:-9AY:2AZ:0GX:0GY:0,GZ:0"",""path"":""TARAQUR1""}","TARAQUR1","","PAPA",NULL
3636093,"2023-06-10 20:26:07.187019+00","2023-06-10 20:26:07.18702+00","38","{""DeviceID"":""TARAQUR1"",""MessageID"":""zoe7"",""Payload"":""C:253LT:35.3552LG:-119.2907IT:33.6273ET:-0.0000IP:100016.1120EP:9.9604e\u002B12IA:109.5454EA:-9.4385e\u002B206MX:345MY:237MZ:-175AX:-9AY:2AZ:0GX:0GY:0,GZ:0"",""path"":""TARAQUR1""}","TARAQUR1","","PAPA",NULL
3636095,"2023-06-10 20:26:20.181733+00","2023-06-10 20:26:20.181734+00","38","{""DeviceID"":""TARAQUR1"",""MessageID"":""owzk"",""Payload"":""C:275LT:35.3552LG:-119.2907IT:33.5713ET:-0.0000IP:100011.4180EP:9.9604e\u002B12IA:109.9403EA:-9.4385e\u002B206MX:336MY:223MZ:-177AX:-9AY:2AZ:0GX:0GY:0,GZ:"",""path"":""TARAQUR1""}","TARAQUR1","","PAPA",NULL
3636096,"2023-06-10 20:26:20.991353+00","2023-06-10 20:26:20.991354+00","38","{""DeviceID"":""TARAQUR1"",""MessageID"":""owzk"",""Payload"":""C:275LT:35.3552LG:-119.2907IT:33.5713ET:-0.0000IP:100011.4180EP:9.9604e\u002B12IA:109.9403EA:-9.4385e\u002B206MX:336MY:223MZ:-177AX:-9AY:2AZ:0GX:0GY:0,GZ:"",""path"":""TARAQUR1""}","TARAQUR1","","PAPA",NULL
3636101,"2023-06-10 20:27:01.979399+00","2023-06-10 20:27:01.979401+00","38","{""DeviceID"":""TARAQUR1"",""MessageID"":""klr8"",""Payload"":""C:286LT:35.3552LG:-119.2907IT:33.6049ET:-0.0000IP:100009.9643EP:9.9604e\u002B12IA:110.0626EA:-9.4385e\u002B206MX:336MY:218MZ:-177AX:-9AY:2AZ:0GX:0GY:0,GZ:0"",""path"":""TARAQUR1""}","TARAQUR1","","PAPA",NULL
3636102,"2023-06-10 20:27:03.209996+00","2023-06-10 20:27:03.209997+00","38","{""DeviceID"":""TARAQUR1"",""MessageID"":""klr8"",""Payload"":""C:286LT:35.3552LG:-119.2907IT:33.6049ET:-0.0000IP:100009.9643EP:9.9604e\u002B12IA:110.0626EA:-9.4385e\u002B206MX:336MY:218MZ:-177AX:-9AY:2AZ:0GX:0GY:0,GZ:0"",""path"":""TARAQUR1""}","TARAQUR1","","PAPA",NULL
3636105,"2023-06-10 20:27:07.54461+00","2023-06-10 20:27:07.544611+00","38","{""DeviceID"":""TARAQUR1"",""MessageID"":"":rnc"",""Payload"":""C:297LT:35.3552LG:-119.2907IT:33.7794ET:-0.0000IP:100009.0051EP:9.9604e\u002B12IA:110.1433EA:-9.4385e\u002B206MX:336MY:228MZ:-177AX:-9AY:2AZ:0GX:0GY:0,GZ:0"",""path"":""TARAQUR1""}","TARAQUR1","","PAPA",NULL
3636109,"2023-06-10 20:27:45.211719+00","2023-06-10 20:27:45.21172+00","38","{""DeviceID"":""TARAQUR1"",""MessageID"":""s344"",""Payload"":""C:308LT:35.3552LG:-119.2907IT:33.8778ET:-0.0000IP:100010.5176EP:9.9604e\u002B12IA:110.0161EA:-9.4385e\u002B206MX:338MY:223MZ:-178AX:-9AY:2AZ:0GX:0GY:0,GZ:0"",""path"":""TARAQUR1""}","TARAQUR1","","PAPA",NULL
3636112,"2023-06-10 20:28:05.171894+00","2023-06-10 20:28:05.171895+00","38","{""DeviceID"":""TARAQUR1"",""MessageID"":""xaog"",""Payload"":""C:319LT:35.3552LG:-119.2907IT:33.8868ET:-0.0000IP:100012.0143EP:9.9604e\u002B12IA:109.8901EA:-9.4385e\u002B206MX:336MY:233MZ:-176AX:-9AY:2AZ:0GX:0GY:0,GZ:0"",""path"":""TARAQUR1""}","TARAQUR1","","PAPA",NULL
3636113,"2023-06-10 20:28:05.955212+00","2023-06-10 20:28:05.955213+00","38","{""DeviceID"":""TARAQUR1"",""MessageID"":""xaog"",""Payload"":""C:319LT:35.3552LG:-119.2907IT:33.8868ET:-0.0000IP:100012.0143EP:9.9604e\u002B12IA:109.8901EA:-9.4385e\u002B206MX:336MY:233MZ:-176AX:-9AY:2AZ:0GX:0GY:0,GZ:0"",""path"":""TARAQUR1""}","TARAQUR1","","PAPA",NULL
3636115,"2023-06-10 20:28:10.843653+00","2023-06-10 20:28:10.843653+00","38","{""DeviceID"":""TARAQUR1"",""MessageID"":""v:s6"",""Payload"":""C:330LT:35.3552LG:-119.2907IT:33.9338ET:-0.0000IP:100008.7872EP:9.9604e\u002B12IA:110.1617EA:-9.4385e\u002B206MX:333MY:223MZ:-178AX:-9AY:2AZ:0GX:0GY:0,GZ:0"",""path"":""TARAQUR1""}","TARAQUR1","","PAPA",NULL
3636116,"2023-06-10 20:28:12.069253+00","2023-06-10 20:28:12.069254+00","38","{""DeviceID"":""TARAQUR1"",""MessageID"":""v:s6"",""Payload"":""C:330LT:35.3552LG:-119.2907IT:33.9338ET:-0.0000IP:100008.7872EP:9.9604e\u002B12IA:110.1617EA:-9.4385e\u002B206MX:333MY:223MZ:-178AX:-9AY:2AZ:0GX:0GY:0,GZ:0"",""path"":""TARAQUR1""}","TARAQUR1","","PAPA",NULL
3636118,"2023-06-10 20:28:22.061317+00","2023-06-10 20:28:22.061318+00","38","{""DeviceID"":""TARAQUR1"",""MessageID"":""ymi0"",""Payload"":""C:341LT:35.3552LG:-119.2907IT:33.9830ET:-0.0000IP:100010.8725EP:9.9604e\u002B12IA:109.9862EA:-9.4385e\u002B206MX:336MY:225MZ:-179AX:-9AY:2AZ:0GX:0GY:0,GZ:0"",""path"":""TARAQUR1""}","TARAQUR1","","PAPA",NULL
3636121,"2023-06-10 20:28:24.311027+00","2023-06-10 20:28:24.311028+00","38","{""DeviceID"":""TARAQUR1"",""MessageID"":"":tsg"",""Payload"":""C:352LT:35.3552LG:-119.2907IT:34.0926ET:-0.0000IP:100007.9564EP:9.9604e\u002B12IA:110.2316EA:-9.4385e\u002B206MX:329MY:223MZ:-178AX:-9AY:2AZ:0GX:0GY:0,GZ:0"",""path"":""TARAQUR1""}","TARAQUR1","","PAPA",NULL
3636124,"2023-06-10 20:28:25.951605+00","2023-06-10 20:28:25.951606+00","38","{""DeviceID"":""TARAQUR1"",""MessageID"":""xs25"",""Payload"":""C:363LT:35.3552LG:-119.2907IT:34.1373ET:-0.0000IP:100001.0043EP:9.9604e\u002B12IA:110.8165EA:-9.4385e\u002B206MX:331MY:225MZ:-176AX:-9AY:2AZ:0GX:0GY:0,GZ:0"",""path"":""TARAQUR1""}","TARAQUR1","","PAPA",NULL
3636127,"2023-06-10 20:28:43.387009+00","2023-06-10 20:28:43.38701+00","38","{""DeviceID"":""TARAQUR1"",""MessageID"":""h94o"",""Payload"":""C:385LT:35.3552LG:-119.2907IT:34.0568ET:-0.0000IP:100004.1126EP:9.9604e\u002B12IA:110.5550EA:-9.4385e\u002B206MX:331MY:221MZ:-177AX:-9AY:2AZ:0GX:0GY:0,GZ:0"",""path"":""TARAQUR1""}","TARAQUR1","","PAPA",NULL
3636128,"2023-06-10 20:28:45.436327+00","2023-06-10 20:28:45.436328+00","38","{""DeviceID"":""TARAQUR1"",""MessageID"":""g2oa"",""Payload"":""C:396LT:35.3552LG:-119.2907IT:34.1731ET:-0.0000IP:100003.7769EP:9.9604e\u002B12IA:110.5832EA:-9.4385e\u002B206MX:336MY:247MZ:-206AX:-9AY:1AZ:0GX:0GY:0,GZ:0"",""path"":""TARAQUR1""}","TARAQUR1","","PAPA",NULL
3636131,"2023-06-10 20:29:04.889813+00","2023-06-10 20:29:04.889814+00","38","{""DeviceID"":""TARAQUR1"",""MessageID"":""uvjb"",""Payload"":""C:418LT:35.3552LG:-119.2907IT:34.1172ET:-0.0000IP:99995.9044EP:9.9604e\u002B12IA:111.2457EA:-9.4385e\u002B206MX:329MY:149MZ:-151AX:-9AY:1AZ:0GX:0GY:0,GZ:0"",""path"":""TARAQUR1""}","TARAQUR1","","PAPA",NULL
3636133,"2023-06-10 20:29:24.553697+00","2023-06-10 20:29:24.553698+00","38","{""DeviceID"":""TARAQUR1"",""MessageID"":""xs25"",""Payload"":""C:363LT:35.3552LG:-119.2907IT:34.1373ET:-0.0000IP:100001.0043EP:9.9604e\u002B12IA:110.8165EA:-9.4385e\u002B206MX:331MY:225MZ:-176AX:-9AY:2AZ:0GX:0GY:0,GZ:0"",""path"":""TARAQUR1""}","TARAQUR1","","PAPA",NULL
3636136,"2023-06-10 20:30:12.190012+00","2023-06-10 20:30:12.190013+00","38","{""DeviceID"":""TARAQUR1"",""MessageID"":""i0f4"",""Payload"":""C:374LT:35.3552LG:-119.2907IT:34.1060ET:-0.0000IP:100002.9857EP:9.9604e\u002B12IA:110.6498EA:-9.4385e\u002B206MX:338MY:221MZ:-177AX:-9AY:2AZ:0GX:0GY:0,GZ:"",""path"":""TARAQUR1""}","TARAQUR1","","PAPA",NULL
3636141,"2023-06-10 20:30:31.75887+00","2023-06-10 20:30:31.758871+00","38","{""DeviceID"":""TARAQUR1"",""MessageID"":""h94o"",""Payload"":""C:385LT:35.3552LG:-119.2907IT:34.0568ET:-0.0000IP:100004.1126EP:9.9604e\u002B12IA:110.5550EA:-9.4385e\u002B206MX:331MY:221MZ:-177AX:-9AY:2AZ:0GX:0GY:0,GZ:0"",""path"":""TARAQUR1""}","TARAQUR1","","PAPA",NULL
3636150,"2023-06-10 20:31:03.621239+00","2023-06-10 20:31:03.62124+00","38","{""DeviceID"":""TARAQUR1"",""MessageID"":""g2oa"",""Payload"":""C:396LT:35.3552LG:-119.2907IT:34.1731ET:-0.0000IP:100003.7769EP:9.9604e\u002B12IA:110.5832EA:-9.4385e\u002B206MX:336MY:247MZ:-206AX:-9AY:1AZ:0GX:0GY:0,GZ:0"",""path"":""TARAQUR1""}","TARAQUR1","","PAPA",NULL
3636151,"2023-06-10 20:31:11.418153+00","2023-06-10 20:31:11.418154+00","38","{""DeviceID"":""TARAQUR1"",""MessageID"":""vwiv"",""Payload"":""C:451LT:35.3511LG:-119.2897IT:32.5353ET:-0.0000IP:91350.3926EP:9.9604e\u002B12IA:865.6410EA:-9.4385e\u002B206MX:336MY:230MZ:-212AX:-8AY:0AZ:-1GX:-3GY:0,GZ"",""path"":""TARAQUR1""}","TARAQUR1","","PAPA",NULL
3636154,"2023-06-10 20:31:32.474863+00","2023-06-10 20:31:32.474864+00","38","{""DeviceID"":""TARAQUR1"",""MessageID"":""5:xk"",""Payload"":""C:473LT:35.3479LG:-119.2857IT:29.7013ET:-0.0000IP:78508.2649EP:9.9604e\u002B12IA:2100.8038EA:-9.4385e\u002B206MX:336MY:139MZ:-155AX:-9AY:0AZ:0GX:1GY:0,GZ:0"",""path"":""TARAQUR1""}","TARAQUR1","","PAPA",NULL
3636157,"2023-06-10 20:31:47.976268+00","2023-06-10 20:31:47.976269+00","38","{""DeviceID"":""TARAQUR1"",""MessageID"":""8lwo"",""Payload"":""C:495LT:35.3515LG:-119.2871IT:27.8377ET:-0.0000IP:73219.8094EP:9.9604e\u002B12IA:2657.5156EA:-9.4385e\u002B206MX:357MY:197MZ:-208AX:-11AY:1AZ:0GX:4GY:-3,GZ:0"",""path"":""TARAQUR1""}","TARAQUR1","","PAPA",NULL
3636162,"2023-06-10 20:32:44.738889+00","2023-06-10 20:32:44.73889+00","38","{""DeviceID"":""TARAQUR1"",""MessageID"":""uvjb"",""Payload"":""C:418LT:35.3552LG:-119.2907IT:34.1172ET:-0.0000IP:99995.9044EP:9.9604e\u002B12IA:111.2457EA:-9.4385e\u002B206MX:329MY:149MZ:-151AX:-9AY:1AZ:0GX:0GY:0,GZ:0"",""path"":""TARAQUR1""}","TARAQUR1","","PAPA",NULL
3636164,"2023-06-10 20:33:37.099812+00","2023-06-10 20:33:37.099813+00","38","{""DeviceID"":""TARAQUR1"",""MessageID"":""5dk4"",""Payload"":""C:561LT:35.3775LG:-119.2878IT:21.6770ET:-0.0000IP:58594.9285EP:9.9604e\u002B12IA:4387.5387EA:-9.4385e\u002B206MX:336MY:41MZ:-213AX:-10AY:0AZ:0GX:-1GY:2,GZ:0"",""path"":""TARAQUR1""}","TARAQUR1","","PAPA",NULL
3636165,"2023-06-10 20:33:55.791844+00","2023-06-10 20:33:55.791845+00","38","{""DeviceID"":""TARAQUR1"",""MessageID"":""bzud"",""Payload"":""C:572LT:35.4008LG:-119.2944IT:17.0843ET:-0.0000IP:49769.1222EP:9.9604e\u002B12IA:5609.3266EA:-9.4385e\u002B206MX:333MY:206MZ:-242AX:-10AY:0AZ:0GX:1GY:-2,GZ"",""path"":""TARAQUR1""}","TARAQUR1","","PAPA",NULL
3636166,"2023-06-10 20:33:56.965489+00","2023-06-10 20:33:56.965489+00","38","{""DeviceID"":""TARAQUR1"",""MessageID"":""t:61"",""Payload"":""C:583LT:35.4016LG:-119.2933IT:16.7834ET:-0.0000IP:48876.1442EP:9.9604e\u002B12IA:5742.5034EA:-9.4385e\u002B206MX:331MY:113MZ:-171AX:-10AY:0AZ:0GX:-2GY:0,GZ:0"",""path"":""TARAQUR1""}","TARAQUR1","","PAPA",NULL
3636171,"2023-06-10 20:34:13.923911+00","2023-06-10 20:34:13.923912+00","38","{""DeviceID"":""TARAQUR1"",""MessageID"":"":88m"",""Payload"":""C:605LT:35.4038LG:-119.2916IT:15.6220ET:-0.0000IP:46593.1368EP:9.9604e\u002B12IA:6092.1709EA:-9.4385e\u002B206MX:305MY:257MZ:-253AX:-6AY:0AZ:-1GX:-5GY:-3,GZ:"",""path"":""TARAQUR1""}","TARAQUR1","","PAPA",NULL
3636184,"2023-06-10 20:35:33.688808+00","2023-06-10 20:35:33.688809+00","38","{""DeviceID"":""TARAQUR1"",""MessageID"":""yoij"",""Payload"":""C:616LT:35.4092LG:-119.2921IT:14.0468ET:-0.0000IP:43687.5279EP:9.9604e\u002B12IA:6557.8480EA:-9.4385e\u002B206MX:355MY:189MZ:-191AX:-11AY:1AZ:0GX:0GY:4,GZ:-4"",""path"":""TARAQUR1""}","TARAQUR1","","PAPA",NULL
3636185,"2023-06-10 20:35:40.571695+00","2023-06-10 20:35:40.571696+00","38","{""DeviceID"":""TARAQUR1"",""MessageID"":""ikrw"",""Payload"":""C:429LT:35.3552LG:-119.2907IT:33.7660ET:-0.0000IP:99994.2113EP:9.9604e\u002B12IA:111.3882EA:-9.4385e\u002B206MX:329MY:141MZ:-152AX:-9AY:1AZ:0GX:0GY:0,GZ:0"",""path"":""TARAQUR1""}","TARAQUR1","","PAPA",NULL
3636203,"2023-06-10 20:39:49.077934+00","2023-06-10 20:39:49.077935+00","38","{""DeviceID"":""TARAQUR1"",""MessageID"":""vwiv"",""Payload"":""C:451LT:35.3511LG:-119.2897IT:32.5353ET:-0.0000IP:91350.3926EP:9.9604e\u002B12IA:865.6410EA:-9.4385e\u002B206MX:336MY:230MZ:-212AX:-8AY:0AZ:-1GX:-3GY:0,GZ"",""path"":""TARAQUR1""}","TARAQUR1","","PAPA",NULL
3636213,"2023-06-10 20:42:12.933056+00","2023-06-10 20:42:12.933057+00","38","{""DeviceID"":""TARAQUR1"",""MessageID"":""0f2w"",""Payload"":""C:649LT:35.4465LG:-119.2941IT:4.8382ET:-0.0000IP:31775.6872EP:9.9604e\u002B12IA:8778.2430EA:-9.4385e\u002B206MX:336MY:300MZ:-222AX:-9AY:0AZ:0GX:0GY:-1,GZ:-3"",""path"":""TARAQUR1""}","TARAQUR1","","PAPA",NULL
3636215,"2023-06-10 20:43:02.084796+00","2023-06-10 20:43:02.084797+00","38","{""DeviceID"":""TARAQUR1"",""MessageID"":""5:xk"",""Payload"":""C:473LT:35.3479LG:-119.2857IT:29.7013ET:-0.0000IP:78508.2649EP:9.9604e\u002B12IA:2100.8038EA:-9.4385e\u002B206MX:336MY:139MZ:-155AX:-9AY:0AZ:0GX:1GY:0,GZ:0"",""path"":""TARAQUR1""}","TARAQUR1","","PAPA",NULL
3636218,"2023-06-10 20:43:36.115318+00","2023-06-10 20:43:36.115319+00","38","{""DeviceID"":""TARAQUR1"",""MessageID"":""8lwo"",""Payload"":""C:495LT:35.3515LG:-119.2871IT:27.8377ET:-0.0000IP:73219.8094EP:9.9604e\u002B12IA:2657.5156EA:-9.4385e\u002B206MX:357MY:197MZ:-208AX:-11AY:1AZ:0GX:4GY:-3,GZ:0"",""path"":""TARAQUR1""}","TARAQUR1","","PAPA",NULL
3636219,"2023-06-10 20:43:39.562831+00","2023-06-10 20:43:39.562832+00","38","{""DeviceID"":""TARAQUR1"",""MessageID"":"":30s"",""Payload"":""C:660LT:35.4517LG:-119.2937IT:4.2481ET:-0.0000IP:30785.8103EP:9.9604e\u002B12IA:8991.7055EA:-9.4385e\u002B206MX:312MY:134MZ:-280AX:-10AY:0AZ:-1GX:0GY:-3,GZ"",""path"":""TARAQUR1""}","TARAQUR1","","PAPA",NULL
3636225,"2023-06-10 20:52:01.403411+00","2023-06-10 20:52:01.403412+00","38","{""DeviceID"":""TARAQUR1"",""MessageID"":""5dk4"",""Payload"":""C:561LT:35.3775LG:-119.2878IT:21.6770ET:-0.0000IP:58594.9285EP:9.9604e\u002B12IA:4387.5387EA:-9.4385e\u002B206MX:336MY:41MZ:-213AX:-10AY:0AZ:0GX:-1GY:2,GZ:0"",""path"":""TARAQUR1""}","TARAQUR1","","PAPA",NULL
3636226,"2023-06-10 20:52:18.028629+00","2023-06-10 20:52:18.02863+00","38","{""DeviceID"":""TARAQUR1"",""MessageID"":""bzud"",""Payload"":""C:572LT:35.4008LG:-119.2944IT:17.0843ET:-0.0000IP:49769.1222EP:9.9604e\u002B12IA:5609.3266EA:-9.4385e\u002B206MX:333MY:206MZ:-242AX:-10AY:0AZ:0GX:1GY:-2,GZ"",""path"":""TARAQUR1""}","TARAQUR1","","PAPA",NULL
3636227,"2023-06-10 20:52:22.784205+00","2023-06-10 20:52:22.784206+00","38","{""DeviceID"":""TARAQUR1"",""MessageID"":""t:61"",""Payload"":""C:583LT:35.4016LG:-119.2933IT:16.7834ET:-0.0000IP:48876.1442EP:9.9604e\u002B12IA:5742.5034EA:-9.4385e\u002B206MX:331MY:113MZ:-171AX:-10AY:0AZ:0GX:-2GY:0,GZ:0"",""path"":""TARAQUR1""}","TARAQUR1","","PAPA",NULL
3636229,"2023-06-10 20:52:43.81412+00","2023-06-10 20:52:43.814121+00","38","{""DeviceID"":""TARAQUR1"",""MessageID"":"":88m"",""Payload"":""C:605LT:35.4038LG:-119.2916IT:15.6220ET:-0.0000IP:46593.1368EP:9.9604e\u002B12IA:6092.1709EA:-9.4385e\u002B206MX:305MY:257MZ:-253AX:-6AY:0AZ:-1GX:-5GY:-3,GZ:"",""path"":""TARAQUR1""}","TARAQUR1","","PAPA",NULL
3636230,"2023-06-10 20:53:07.439102+00","2023-06-10 20:53:07.439103+00","38","{""DeviceID"":""TARAQUR1"",""MessageID"":""yoij"",""Payload"":""C:616LT:35.4092LG:-119.2921IT:14.0468ET:-0.0000IP:43687.5279EP:9.9604e\u002B12IA:6557.8480EA:-9.4385e\u002B206MX:355MY:189MZ:-191AX:-11AY:1AZ:0GX:0GY:4,GZ:-4"",""path"":""TARAQUR1""}","TARAQUR1","","PAPA",NULL
3636231,"2023-06-10 20:54:01.089057+00","2023-06-10 20:54:01.089058+00","38","{""DeviceID"":""TARAQUR1"",""MessageID"":""8iqg"",""Payload"":""C:682LT:35.4890LG:-119.2964IT:-0.8005ET:-0.0000IP:24724.1747EP:9.9604e\u002B12IA:10435.9061EA:-9.4385e\u002B206MX:209MY:331MZ:-174AX:-6AY:0AZ:0GX:3GY:2,GZ:0"",""path"":""TARAQUR1""}","TARAQUR1","","PAPA",NULL
3636232,"2023-06-10 20:54:02.424579+00","2023-06-10 20:54:02.42458+00","38","{""DeviceID"":""TARAQUR1"",""MessageID"":""hmui"",""Payload"":""C:693LT:35.4923LG:-119.2977IT:-1.4861ET:-0.0000IP:24103.0870EP:9.9604e\u002B12IA:10599.6045EA:-9.4385e\u002B206MX:307MY:341MZ:-236AX:-10AY:1AZ:0GX:2GY:0,GZ:-2"",""path"":""TARAQUR1""}","TARAQUR1","","PAPA",NULL
3636233,"2023-06-10 20:54:39.667068+00","2023-06-10 20:54:39.667069+00","38","{""DeviceID"":""TARAQUR1"",""MessageID"":""toyz"",""Payload"":""C:704LT:35.4947LG:-119.2971IT:-2.6839ET:-0.0000IP:23470.5736EP:9.9604e\u002B12IA:10769.8631EA:-9.4385e\u002B206MX:283MY:-18MZ:-278AX:-8AY:1AZ:-1GX:4GY:-3,GZ:"",""path"":""TARAQUR1""}","TARAQUR1","","PAPA",NULL
3636238,"2023-06-10 20:59:01.50369+00","2023-06-10 20:59:01.503691+00","38","{""DeviceID"":""TARAQUR1"",""MessageID"":""lf7:"",""Payload"":""C:737LT:35.5402LG:-119.2942IT:-9.8417ET:-0.0000IP:16679.5439EP:9.9604e\u002B12IA:12881.8242EA:-9.4385e\u002B206MX:326MY:33MZ:-219AX:-11AY:1AZ:-1GX:-3GY:-1,GZ"",""path"":""TARAQUR1""}","TARAQUR1","","PAPA",NULL
3636239,"2023-06-10 20:59:07.127291+00","2023-06-10 20:59:07.127292+00","38","{""DeviceID"":""TARAQUR1"",""MessageID"":""wzzc"",""Payload"":""C:748LT:35.5556LG:-119.2906IT:-11.1458ET:-0.0000IP:14222.3725EP:9.9604e\u002B12IA:13821.2270EA:-9.4385e\u002B206MX:355MY:264MZ:-275AX:-18AY:2AZ:0GX:-1GY:10,GZ"",""path"":""TARAQUR1""}","TARAQUR1","","PAPA",NULL
3636240,"2023-06-10 20:59:20.191837+00","2023-06-10 20:59:20.191838+00","38","{""DeviceID"":""TARAQUR1"",""MessageID"":""0f2w"",""Payload"":""C:649LT:35.4465LG:-119.2941IT:4.8382ET:-0.0000IP:31775.6872EP:9.9604e\u002B12IA:8778.2430EA:-9.4385e\u002B206MX:336MY:300MZ:-222AX:-9AY:0AZ:0GX:0GY:-1,GZ:-3"",""path"":""TARAQUR1""}","TARAQUR1","","PAPA",NULL
3636241,"2023-06-10 21:00:02.686874+00","2023-06-10 21:00:02.686875+00","38","{""DeviceID"":""TARAQUR1"",""MessageID"":"":30s"",""Payload"":""C:660LT:35.4517LG:-119.2937IT:4.2481ET:-0.0000IP:30785.8103EP:9.9604e\u002B12IA:8991.7055EA:-9.4385e\u002B206MX:312MY:134MZ:-280AX:-10AY:0AZ:-1GX:0GY:-3,GZ"",""path"":""TARAQUR1""}","TARAQUR1","","PAPA",NULL
3636259,"2023-06-10 21:02:58.350464+00","2023-06-10 21:02:58.350465+00","38","{""DeviceID"":""TARAQUR1"",""MessageID"":""8iqg"",""Payload"":""C:682LT:35.4890LG:-119.2964IT:-0.8005ET:-0.0000IP:24724.1747EP:9.9604e\u002B12IA:10435.9061EA:-9.4385e\u002B206MX:209MY:331MZ:-174AX:-6AY:0AZ:0GX:3GY:2,GZ:0"",""path"":""TARAQUR1""}","TARAQUR1","","PAPA",NULL
3636260,"2023-06-10 21:03:50.437926+00","2023-06-10 21:03:50.437927+00","38","{""DeviceID"":""TARAQUR1"",""MessageID"":""hmui"",""Payload"":""C:693LT:35.4923LG:-119.2977IT:-1.4861ET:-0.0000IP:24103.0870EP:9.9604e\u002B12IA:10599.6045EA:-9.4385e\u002B206MX:307MY:341MZ:-236AX:-10AY:1AZ:0GX:2GY:0,GZ:-2"",""path"":""TARAQUR1""}","TARAQUR1","","PAPA",NULL
3636261,"2023-06-10 21:04:36.858971+00","2023-06-10 21:04:36.858972+00","38","{""DeviceID"":""TARAQUR1"",""MessageID"":""toyz"",""Payload"":""C:704LT:35.4947LG:-119.2971IT:-2.6839ET:-0.0000IP:23470.5736EP:9.9604e\u002B12IA:10769.8631EA:-9.4385e\u002B206MX:283MY:-18MZ:-278AX:-8AY:1AZ:-1GX:4GY:-3,GZ:"",""path"":""TARAQUR1""}","TARAQUR1","","PAPA",NULL
3636301,"2023-06-10 21:24:12.194599+00","2023-06-10 21:24:12.1946+00","38","{""DeviceID"":""TARAQUR1"",""MessageID"":""lf7:"",""Payload"":""C:737LT:35.5402LG:-119.2942IT:-9.8417ET:-0.0000IP:16679.5439EP:9.9604e\u002B12IA:12881.8242EA:-9.4385e\u002B206MX:326MY:33MZ:-219AX:-11AY:1AZ:-1GX:-3GY:-1,GZ"",""path"":""TARAQUR1""}","TARAQUR1","","PAPA",NULL
3636302,"2023-06-10 21:24:17.36735+00","2023-06-10 21:24:17.367351+00","38","{""DeviceID"":""TARAQUR1"",""MessageID"":""wzzc"",""Payload"":""C:748LT:35.5556LG:-119.2906IT:-11.1458ET:-0.0000IP:14222.3725EP:9.9604e\u002B12IA:13821.2270EA:-9.4385e\u002B206MX:355MY:264MZ:-275AX:-18AY:2AZ:0GX:-1GY:10,GZ"",""path"":""TARAQUR1""}","TARAQUR1","","PAPA",NULL
3636313,"2023-06-10 21:28:08.106425+00","2023-06-10 21:28:08.106426+00","38","{""DeviceID"":""TARAQUR1"",""MessageID"":""tvol"",""Payload"":""C:759LT:35.5596LG:-119.2887IT:-12.1043ET:-0.0000IP:12995.3224EP:9.9604e\u002B12IA:14340.5822EA:-9.4385e\u002B206MX:314MY:180MZ:-195AX:-18AY:1AZ:0GX:-5GY:2,GZ:"",""path"":""TARAQUR1""}","TARAQUR1","","PAPA",NULL
3636314,"2023-06-10 21:28:09.291308+00","2023-06-10 21:28:09.291309+00","38","{""DeviceID"":""TARAQUR1"",""MessageID"":""tvol"",""Payload"":""C:759LT:35.5596LG:-119.2887IT:-12.1043ET:-0.0000IP:12995.3224EP:9.9604e\u002B12IA:14340.5822EA:-9.4385e\u002B206MX:314MY:180MZ:-195AX:-18AY:1AZ:0GX:-5GY:2,GZ:"",""path"":""TARAQUR1""}","TARAQUR1","","PAPA",NULL
3636317,"2023-06-10 21:29:48.420531+00","2023-06-10 21:29:48.420532+00","38","{""DeviceID"":""TARAQUR1"",""MessageID"":""gdrk"",""Payload"":""C:792LT:35.5786LG:-119.2896IT:-11.7267ET:-0.0000IP:8311.6866EP:9.9604e\u002B12IA:16785.6719EA:-9.4385e\u002B206MX:350MY:261MZ:-221AX:-11AY:1AZ:0GX:-7GY:2"",""path"":""TARAQUR1""}","TARAQUR1","","PAPA",NULL
3636318,"2023-06-10 21:29:49.952118+00","2023-06-10 21:29:49.952119+00","38","{""DeviceID"":""TARAQUR1"",""MessageID"":""gdrk"",""Payload"":""C:792LT:35.5786LG:-119.2896IT:-11.7267ET:-0.0000IP:8311.6866EP:9.9604e\u002B12IA:16785.6719EA:-9.4385e\u002B206MX:350MY:261MZ:-221AX:-11AY:1AZ:0GX:-7GY:2"",""path"":""TARAQUR1""}","TARAQUR1","","PAPA",NULL
3636319,"2023-06-10 21:30:37.932966+00","2023-06-10 21:30:37.932967+00","38","{""DeviceID"":""TARAQUR1"",""MessageID"":""dxkg"",""Payload"":""C:803LT:35.5799LG:-119.2898IT:-11.6521ET:-0.0000IP:8122.8575EP:9.9604e\u002B12IA:16905.8624EA:-9.4385e\u002B206MX:343MY:117MZ:-296AX:-10AY:1AZ:0GX:-8GY:0,GZ"",""path"":""TARAQUR1""}","TARAQUR1","","PAPA",NULL
3636320,"2023-06-10 21:30:38.728138+00","2023-06-10 21:30:38.728139+00","38","{""DeviceID"":""TARAQUR1"",""MessageID"":""dxkg"",""Payload"":""C:803LT:35.5799LG:-119.2898IT:-11.6521ET:-0.0000IP:8122.8575EP:9.9604e\u002B12IA:16905.8624EA:-9.4385e\u002B206MX:343MY:117MZ:-296AX:-10AY:1AZ:0GX:-8GY:0,GZ"",""path"":""TARAQUR1""}","TARAQUR1","","PAPA",NULL
3636321,"2023-06-10 21:30:53.380786+00","2023-06-10 21:30:53.380787+00","38","{""DeviceID"":""TARAQUR1"",""MessageID"":""6iwe"",""Payload"":""C:814LT:35.5849LG:-119.2884IT:-11.1797ET:-0.0000IP:6760.4797EP:9.9604e\u002B12IA:17847.4068EA:-9.4385e\u002B206MX:305MY:115MZ:-315AX:-8AY:1AZ:0GX:-4GY:0,GZ:"",""path"":""TARAQUR1""}","TARAQUR1","","PAPA",NULL
3636322,"2023-06-10 21:30:54.177397+00","2023-06-10 21:30:54.177398+00","38","{""DeviceID"":""TARAQUR1"",""MessageID"":""6iwe"",""Payload"":""C:814LT:35.5849LG:-119.2884IT:-11.1797ET:-0.0000IP:6760.4797EP:9.9604e\u002B12IA:17847.4068EA:-9.4385e\u002B206MX:305MY:115MZ:-315AX:-8AY:1AZ:0GX:-4GY:0,GZ:"",""path"":""TARAQUR1""}","TARAQUR1","","PAPA",NULL
3636325,"2023-06-10 21:31:35.563726+00","2023-06-10 21:31:35.563727+00","38","{""DeviceID"":""TARAQUR1"",""MessageID"":""pwcj"",""Payload"":""C:825LT:35.5854LG:-119.2902IT:-11.1164ET:-0.0000IP:6554.4048EP:9.9604e\u002B12IA:18002.9537EA:-9.4385e\u002B206MX:341MY:225MZ:-212AX:-11AY:1AZ:0GX:-5GY:-1,GZ:"",""path"":""TARAQUR1""}","TARAQUR1","","PAPA",NULL
3636326,"2023-06-10 21:31:36.372438+00","2023-06-10 21:31:36.372439+00","38","{""DeviceID"":""TARAQUR1"",""MessageID"":""pwcj"",""Payload"":""C:825LT:35.5854LG:-119.2902IT:-11.1164ET:-0.0000IP:6554.4048EP:9.9604e\u002B12IA:18002.9537EA:-9.4385e\u002B206MX:341MY:225MZ:-212AX:-11AY:1AZ:0GX:-5GY:-1,GZ:"",""path"":""TARAQUR1""}","TARAQUR1","","PAPA",NULL
3636327,"2023-06-10 21:31:39.411023+00","2023-06-10 21:31:39.411024+00","38","{""DeviceID"":""TARAQUR1"",""MessageID"":""o3v5"",""Payload"":""C:836LT:35.5863LG:-119.2916IT:-11.0553ET:-0.0000IP:6387.1468EP:9.9604e\u002B12IA:18132.1401EA:-9.4385e\u002B206MX:353MY:77MZ:-284AX:-10AY:1AZ:0GX:-8GY:1,GZ:0"",""path"":""TARAQUR1""}","TARAQUR1","","PAPA",NULL
3636328,"2023-06-10 21:31:40.218608+00","2023-06-10 21:31:40.218609+00","38","{""DeviceID"":""TARAQUR1"",""MessageID"":""o3v5"",""Payload"":""C:836LT:35.5863LG:-119.2916IT:-11.0553ET:-0.0000IP:6387.1468EP:9.9604e\u002B12IA:18132.1401EA:-9.4385e\u002B206MX:353MY:77MZ:-284AX:-10AY:1AZ:0GX:-8GY:1,GZ:0"",""path"":""TARAQUR1""}","TARAQUR1","","PAPA",NULL
3636329,"2023-06-10 21:31:56.369936+00","2023-06-10 21:31:56.369937+00","38","{""DeviceID"":""TARAQUR1"",""MessageID"":""wo4u"",""Payload"":""C:847LT:35.5874LG:119.2926IT:-11.0101ET:-0.0000IP:6224.6195EP:9.9604e\u002B12IA:18260.3238EA:-9.4385e\u002B206MX:365MY:252MZ:-243AX:-11AY:1AZ:0GX:-7GY:0,GZ:0"",""path"":""TARAQUR1""}","TARAQUR1","","PAPA",NULL
3636330,"2023-06-10 21:31:57.188255+00","2023-06-10 21:31:57.188256+00","38","{""DeviceID"":""TARAQUR1"",""MessageID"":""wo4u"",""Payload"":""C:847LT:35.5874LG:119.2926IT:-11.0101ET:-0.0000IP:6224.6195EP:9.9604e\u002B12IA:18260.3238EA:-9.4385e\u002B206MX:365MY:252MZ:-243AX:-11AY:1AZ:0GX:-7GY:0,GZ:0"",""path"":""TARAQUR1""}","TARAQUR1","","PAPA",NULL
3636332,"2023-06-10 21:32:46.229516+00","2023-06-10 21:32:46.229517+00","38","{""DeviceID"":""TARAQUR1"",""MessageID"":""twtw"",""Payload"":""C:891LT:35.5910LG:-119.3040IT:-10.2597ET:-0.0000IP:4661.8073EP:9.9604e\u002B12IA:19655.8336EA:-9.4385e\u002B206MX:367MY:156MZ:-269AX:-10AY:1AZ:0GX:-3GY:1,GZ:0"",""path"":""TARAQUR1""}","TARAQUR1","","PAPA",NULL
3636333,"2023-06-10 21:32:47.444946+00","2023-06-10 21:32:47.444947+00","38","{""DeviceID"":""TARAQUR1"",""MessageID"":""twtw"",""Payload"":""C:891LT:35.5910LG:-119.3040IT:-10.2597ET:-0.0000IP:4661.8073EP:9.9604e\u002B12IA:19655.8336EA:-9.4385e\u002B206MX:367MY:156MZ:-269AX:-10AY:1AZ:0GX:-3GY:1,GZ:0"",""path"":""TARAQUR1""}","TARAQUR1","","PAPA",NULL
3636334,"2023-06-10 21:33:04.107551+00","2023-06-10 21:33:04.107552+00","38","{""DeviceID"":""TARAQUR1"",""MessageID"":""e0yh"",""Payload"":""C:913LT:35.5940LG:-119.3060IT:-9.9185ET:-0.0000IP:4244.3693EP:9.9604e\u002B12IA:20092.3978EA:-9.4385e\u002B206MX:317MY:-18MZ:-241AX:-10AY:1AZ:0GX:-7GY:-1,GZ"",""path"":""TARAQUR1""}","TARAQUR1","","PAPA",NULL
3636335,"2023-06-10 21:33:05.380153+00","2023-06-10 21:33:05.380154+00","38","{""DeviceID"":""TARAQUR1"",""MessageID"":""e0yh"",""Payload"":""C:913LT:35.5940LG:-119.3060IT:-9.9185ET:-0.0000IP:4244.3693EP:9.9604e\u002B12IA:20092.3978EA:-9.4385e\u002B206MX:317MY:-18MZ:-241AX:-10AY:1AZ:0GX:-7GY:-1,GZ"",""path"":""TARAQUR1""}","TARAQUR1","","PAPA",NULL
3636336,"2023-06-10 21:33:09.108979+00","2023-06-10 21:33:09.10898+00","38","{""DeviceID"":""TARAQUR1"",""MessageID"":""4oky"",""Payload"":""C:924LT:35.5942LG:-119.3070IT:-9.8010ET:-0.0000IP:4122.2215EP:9.9604e\u002B12IA:20226.7080EA:-9.4385e\u002B206MX:324MY:288MZ:-285AX:-7AY:1AZ:0GX:-3GY:0,GZ:0"",""path"":""TARAQUR1""}","TARAQUR1","","PAPA",NULL
3636337,"2023-06-10 21:33:09.438852+00","2023-06-10 21:33:09.438853+00","38","{""DeviceID"":""TARAQUR1"",""MessageID"":""4oky"",""Payload"":""C:924LT:35.5942LG:-119.3070IT:-9.8010ET:-0.0000IP:4122.2215EP:9.9604e\u002B12IA:20226.7080EA:-9.4385e\u002B206MX:324MY:288MZ:-285AX:-7AY:1AZ:0GX:-3GY:0,GZ:0"",""path"":""TARAQUR1""}","TARAQUR1","","PAPA",NULL
3636338,"2023-06-10 21:33:53.93464+00","2023-06-10 21:33:53.934641+00","38","{""DeviceID"":""TARAQUR1"",""MessageID"":""hx38"",""Payload"":""C:935LT:35.5938LG:-119.3077IT:-9.6925ET:-0.0000IP:3998.7950EP:9.9604e\u002B12IA:20365.7383EA:-9.4385e\u002B206MX:341MY:67MZ:-284AX:-10AY:1AZ:0GX:-4GY:0,GZ:"",""path"":""TARAQUR1""}","TARAQUR1","","PAPA",NULL
3636339,"2023-06-10 21:33:54.743821+00","2023-06-10 21:33:54.743822+00","38","{""DeviceID"":""TARAQUR1"",""MessageID"":""hx38"",""Payload"":""C:935LT:35.5938LG:-119.3077IT:-9.6925ET:-0.0000IP:3998.7950EP:9.9604e\u002B12IA:20365.7383EA:-9.4385e\u002B206MX:341MY:67MZ:-284AX:-10AY:1AZ:0GX:-4GY:0,GZ:"",""path"":""TARAQUR1""}","TARAQUR1","","PAPA",NULL
3636340,"2023-06-10 21:34:00.641172+00","2023-06-10 21:34:00.641178+00","38","{""DeviceID"":""TARAQUR1"",""MessageID"":""jx5p"",""Payload"":""C:946LT:35.5929LG:-119.3077IT:-9.5886ET:-0.0000IP:3910.4130EP:9.9604e\u002B12IA:20467.4444EA:-9.4385e\u002B206MX:278MY:117MZ:-320AX:-9AY:1AZ:0GX:-5GY:0,GZ:"",""path"":""TARAQUR1""}","TARAQUR1","","PAPA",NULL
3636341,"2023-06-10 21:34:01.426979+00","2023-06-10 21:34:01.42698+00","38","{""DeviceID"":""TARAQUR1"",""MessageID"":""jx5p"",""Payload"":""C:946LT:35.5929LG:-119.3077IT:-9.5886ET:-0.0000IP:3910.4130EP:9.9604e\u002B12IA:20467.4444EA:-9.4385e\u002B206MX:278MY:117MZ:-320AX:-9AY:1AZ:0GX:-5GY:0,GZ:"",""path"":""TARAQUR1""}","TARAQUR1","","PAPA",NULL
3636342,"2023-06-10 21:34:15.479217+00","2023-06-10 21:34:15.479218+00","38","{""DeviceID"":""TARAQUR1"",""MessageID"":""kxx0"",""Payload"":""C:957LT:35.5877LG:-119.3176IT:-9.1050ET:-0.0000IP:3569.8304EP:9.9604e\u002B12IA:20877.6686EA:-9.4385e\u002B206MX:336MY:33MZ:-276AX:-9AY:1AZ:0GX:-3GY:0,GZ:-"",""path"":""TARAQUR1""}","TARAQUR1","","PAPA",NULL
3636343,"2023-06-10 21:34:16.691271+00","2023-06-10 21:34:16.691272+00","38","{""DeviceID"":""TARAQUR1"",""MessageID"":""kxx0"",""Payload"":""C:957LT:35.5877LG:-119.3176IT:-9.1050ET:-0.0000IP:3569.8304EP:9.9604e\u002B12IA:20877.6686EA:-9.4385e\u002B206MX:336MY:33MZ:-276AX:-9AY:1AZ:0GX:-3GY:0,GZ:-"",""path"":""TARAQUR1""}","TARAQUR1","","PAPA",NULL
3636344,"2023-06-10 21:34:21.288673+00","2023-06-10 21:34:21.288674+00","38","{""DeviceID"":""TARAQUR1"",""MessageID"":""uj4u"",""Payload"":""C:968LT:35.5875LG:119.3217IT:-8.9649ET:-0.0000IP:3480.7152EP:9.9604e\u002B12IA:20990.2200EA:-9.4385e\u002B206MX:324MY:326MZ:-243AX:-9AY:1AZ:0GX:-4GY:-2,GZ:0"",""path"":""TARAQUR1""}","TARAQUR1","","PAPA",NULL
3636345,"2023-06-10 21:34:22.514966+00","2023-06-10 21:34:22.514968+00","38","{""DeviceID"":""TARAQUR1"",""MessageID"":""uj4u"",""Payload"":""C:968LT:35.5875LG:119.3217IT:-8.9649ET:-0.0000IP:3480.7152EP:9.9604e\u002B12IA:20990.2200EA:-9.4385e\u002B206MX:324MY:326MZ:-243AX:-9AY:1AZ:0GX:-4GY:-2,GZ:0"",""path"":""TARAQUR1""}","TARAQUR1","","PAPA",NULL
3636346,"2023-06-10 21:34:51.154075+00","2023-06-10 21:34:51.154076+00","38","{""DeviceID"":""TARAQUR1"",""MessageID"":""h1fp"",""Payload"":""C:979LT:35.5877LG:-119.3258IT:-8.7887ET:-0.0000IP:3373.1374EP:9.9604e\u002B12IA:21129.2413EA:-9.4385e\u002B206MX:345MY:276MZ:-271AX:-11AY:1AZ:0GX:-3GY:0,GZ:"",""path"":""TARAQUR1""}","TARAQUR1","","PAPA",NULL
3636347,"2023-06-10 21:34:52.725225+00","2023-06-10 21:34:52.725226+00","38","{""DeviceID"":""TARAQUR1"",""MessageID"":""h1fp"",""Payload"":""C:979LT:35.5877LG:-119.3258IT:-8.7887ET:-0.0000IP:3373.1374EP:9.9604e\u002B12IA:21129.2413EA:-9.4385e\u002B206MX:345MY:276MZ:-271AX:-11AY:1AZ:0GX:-3GY:0,GZ:"",""path"":""TARAQUR1""}","TARAQUR1","","PAPA",NULL
3636348,"2023-06-10 21:34:55.386087+00","2023-06-10 21:34:55.386088+00","38","{""DeviceID"":""TARAQUR1"",""MessageID"":""3xpx"",""Payload"":""C:990LT:35.5883LG:-119.3393IT:-7.8332ET:-0.0000IP:2849.3326EP:9.9604e\u002B12IA:21862.4715EA:-9.4385e\u002B206MX:242MY:-76MZ:-248AX:-8AY:1AZ:0GX:-7GY:0,GZ:1"",""path"":""TARAQUR1""}","TARAQUR1","","PAPA",NULL
3636349,"2023-06-10 21:34:56.130505+00","2023-06-10 21:34:56.130506+00","38","{""DeviceID"":""TARAQUR1"",""MessageID"":""3xpx"",""Payload"":""C:990LT:35.5883LG:-119.3393IT:-7.8332ET:-0.0000IP:2849.3326EP:9.9604e\u002B12IA:21862.4715EA:-9.4385e\u002B206MX:242MY:-76MZ:-248AX:-8AY:1AZ:0GX:-7GY:0,GZ:1"",""path"":""TARAQUR1""}","TARAQUR1","","PAPA",NULL
3636354,"2023-06-10 21:35:15.178579+00","2023-06-10 21:35:15.17858+00","38","{""DeviceID"":""TARAQUR1"",""MessageID"":""cu6d"",""Payload"":""C:1001LT:35.5900LG:-119.3423IT:-7.2911ET:-0.0000IP:2617.2254EP:9.9604e\u002B12IA:22222.8360EA:-9.4385e\u002B206MX:309MY:-14MZ:-254AX:-10AY:1AZ:0GX:-5GY:0,GZ:"",""path"":""TARAQUR1""}","TARAQUR1","","PAPA",NULL
3636356,"2023-06-10 21:36:29.390014+00","2023-06-10 21:36:29.390015+00","38","{""DeviceID"":""TARAQUR1"",""MessageID"":""y3x1"",""Payload"":""C:1023LT:35.5918LG:-119.3447IT:-6.9614ET:-0.0000IP:2486.8231EP:9.9604e\u002B12IA:22436.8021EA:-9.4385e\u002B206MX:353MY:144MZ:-212AX:-10AY:1AZ:0GX:-4GY:0,GZ:-"",""path"":""TARAQUR1""}","TARAQUR1","","PAPA",NULL
3636357,"2023-06-10 21:36:30.169969+00","2023-06-10 21:36:30.16997+00","38","{""DeviceID"":""TARAQUR1"",""MessageID"":""y3x1"",""Payload"":""C:1023LT:35.5918LG:-119.3447IT:-6.9614ET:-0.0000IP:2486.8231EP:9.9604e\u002B12IA:22436.8021EA:-9.4385e\u002B206MX:353MY:144MZ:-212AX:-10AY:1AZ:0GX:-4GY:0,GZ:-"",""path"":""TARAQUR1""}","TARAQUR1","","PAPA",NULL
3636359,"2023-06-10 21:37:05.031372+00","2023-06-10 21:37:05.031373+00","38","{""DeviceID"":""TARAQUR1"",""MessageID"":""ur9w"",""Payload"":""C:1034LT:35.5938LG:-119.3465IT:-6.4646ET:-0.0000IP:2317.8814EP:9.9604e\u002B12IA:22727.9488EA:-9.4385e\u002B206MX:350MY:113MZ:-272AX:-8AY:1AZ:0GX:-5GY:-1,GZ:0"",""path"":""TARAQUR1""}","TARAQUR1","","PAPA",NULL
3636364,"2023-06-10 21:40:55.492753+00","2023-06-10 21:40:55.492754+00","38","{""DeviceID"":""TARAQUR1"",""MessageID"":""rr0d"",""Payload"":""C:1067LT:35.5949LG:119.3500IT:-4.4960ET:-0.0000IP:1769.2358EP:9.9604e\u002B12IA:23810.2366EA:-9.4385e\u002B206MX:345MY:237MZ:-209AX:-10AY:1AZ:0GX:-5GY:0,GZ:"",""path"":""TARAQUR1""}","TARAQUR1","","PAPA",NULL
3636365,"2023-06-10 21:41:34.703272+00","2023-06-10 21:41:34.703273+00","38","{""DeviceID"":""TARAQUR1"",""MessageID"":""49b6"",""Payload"":""C:1089LT:35.6000LG:-119.3653IT:-3.1487ET:-0.0000IP:1464.5402EP:9.9604e\u002B12IA:24535.1553EA:-9.4385e\u002B206MX:321MY:12MZ:-222AX:-10AY:1AZ:0GX:-5GY:0,GZ:1"",""path"":""TARAQUR1""}","TARAQUR1","","PAPA",NULL
3636371,"2023-06-10 21:48:06.826071+00","2023-06-10 21:48:06.826072+00","38","{""DeviceID"":""TARAQUR1"",""MessageID"":""w98i"",""Payload"":""C:1122LT:35.5981LG:-119.3861IT:0.3382ET:-0.0000IP:955.8827EP:9.9604e\u002B12IA:26078.8148EA:-9.4385e\u002B206MX:317MY:249MZ:-271AX:-9AY:1AZ:0GX:-7GY:1,GZ:"",""path"":""TARAQUR1""}","TARAQUR1","","PAPA",NULL
3636375,"2023-06-10 21:49:38.974725+00","2023-06-10 21:49:38.974726+00","38","{""DeviceID"":""TARAQUR1"",""MessageID"":""jxin"",""Payload"":""C:1133LT:35.5976LG:-119.3890IT:0.6178ET:-0.0000IP:926.1689EP:9.9604e\u002B12IA:26188.1621EA:-9.4385e\u002B206MX:281MY:-9MZ:-264AX:-9AY:1AZ:0GX:-7GY:0,GZ:0"",""path"":""TARAQUR1""}","TARAQUR1","","PAPA",NULL
3636384,"2023-06-10 21:57:50.187963+00","2023-06-10 21:57:50.187964+00","38","{""DeviceID"":""TARAQUR1"",""MessageID"":""2grv"",""Payload"":""C:1166LT:35.6053LG:-119.4317IT:4.6715ET:-0.0000IP:589.4907EP:9.9604e\u002B12IA:27682.7346EA:-9.4385e\u002B206MX:317MY:293MZ:-255AX:-9AY:1AZ:0GX:-4GY:0,GZ:0"",""path"":""TARAQUR1""}","TARAQUR1","","PAPA",NULL
3636385,"2023-06-10 21:58:28.427955+00","2023-06-10 21:58:28.427956+00","38","{""DeviceID"":""TARAQUR1"",""MessageID"":""yo04"",""Payload"":""C:1177LT:35.6066LG:-119.4392IT:5.3224ET:-0.0000IP:546.8688EP:9.9604e\u002B12IA:27918.7952EA:-9.4385e\u002B206MX:343MY:233MZ:-248AX:-9AY:1AZ:0GX:-4GY:0,GZ:"",""path"":""TARAQUR1""}","TARAQUR1","","PAPA",NULL
3636387,"2023-06-10 22:01:28.72291+00","2023-06-10 22:01:28.722911+00","38","{""DeviceID"":""TARAQUR1"",""MessageID"":""qp1c"",""Payload"":""C:1188LT:35.6070LG:-119.4427IT:5.6287ET:-0.0000IP:526.6229EP:9.9604e\u002B12IA:28036.1849EA:-9.4385e\u002B206MX:-158MY:288MZ:-262AX:-1AY:-1AZ:-2GX:33GY:32"",""path"":""TARAQUR1""}","TARAQUR1","","PAPA",NULL
3636388,"2023-06-10 22:04:40.544518+00","2023-06-10 22:04:40.54452+00","38","{""DeviceID"":""TARAQUR1"",""MessageID"":""63l7"",""Payload"":""C:1199LT:infLG:infIT:6.5090ET:-0.0000IP:1576.6556EP:9.9604e\u002B12IA:24255.3354EA:-9.4385e\u002B206MX:367MY:182MZ:-213AX:-14AY:2AZ:0GX:-5GY:-8,GZ:-1"",""path"":""TARAQUR1""}","TARAQUR1","","PAPA",NULL
3636389,"2023-06-10 22:07:14.540212+00","2023-06-10 22:07:14.540213+00","38","{""DeviceID"":""TARAQUR1"",""MessageID"":""fgb3"",""Payload"":""C:1210LT:infLG:infIT:1.0551ET:-0.0000IP:6656.3997EP:9.9604e\u002B12IA:17925.4799EA:-9.4385e\u002B206MX:353MY:211MZ:-212AX:-11AY:2AZ:0GX:4GY:5,GZ:5"",""path"":""TARAQUR1""}","TARAQUR1","","PAPA",NULL
3636391,"2023-06-10 22:31:23.495502+00","2023-06-10 22:31:23.495503+00","38","{""DeviceID"":""TARAQUR1"",""MessageID"":""xj:z"",""Payload"":""C:1221LT:infLG:infIT:-0.9922ET:-0.0000IP:8879.5953EP:9.9604e\u002B12IA:16437.0523EA:-9.4385e\u002B206MX:194MY:45MZ:-170AX:-12AY:1AZ:-1GX:14GY:-2,GZ:"",""path"":""TARAQUR1""}","TARAQUR1","","PAPA",NULL
3636392,"2023-06-10 22:31:32.985791+00","2023-06-10 22:31:32.985792+00","38","{""DeviceID"":""TARAQUR1"",""MessageID"":""2jcm"",""Payload"":""C:1232LT:infLG:infIT:-21.7126ET:-0.0000IP:19490.4094EP:9.9604e\u002B12IA:11935.8641EA:-9.4385e\u002B206MX:348MY:31MZ:-268AX:-12AY:0AZ:-1GX:7GY:-4,GZ:1"",""path"":""TARAQUR1""}","TARAQUR1","","PAPA",NULL
3636394,"2023-06-10 22:48:02.479673+00","2023-06-10 22:48:02.479674+00","38","{""DeviceID"":""TARAQUR1"",""MessageID"":""i0f4"",""Payload"":""C:374LT:35.3552LG:-119.2907IT:34.1060ET:-0.0000IP:100002.9857EP:9.9604e\u002B12IA:110.6498EA:-9.4385e\u002B206MX:338MY:221MZ:-177AX:-9AY:2AZ:0GX:0GY:0,GZ:"",""path"":""TARAQUR1""}","TARAQUR1","","PAPA",NULL
3636397,"2023-06-10 22:48:06.060371+00","2023-06-10 22:48:06.060372+00","38","{""DeviceID"":""TARAQUR1"",""MessageID"":""ikrw"",""Payload"":""C:429LT:35.3552LG:-119.2907IT:33.7660ET:-0.0000IP:99994.2113EP:9.9604e\u002B12IA:111.3882EA:-9.4385e\u002B206MX:329MY:141MZ:-152AX:-9AY:1AZ:0GX:0GY:0,GZ:0"",""path"":""TARAQUR1""}","TARAQUR1","","PAPA",NULL
3636398,"2023-06-10 22:56:51.692883+00","2023-06-10 22:56:51.692884+00","38","{""DeviceID"":""TARAQUR1"",""MessageID"":""kvey"",""Payload"":""C:1254LT:35.6701LG:-119.4756IT:-24.4960ET:-0.0000IP:33138.6653EP:9.9604e\u002B12IA:8492.9659EA:-9.4385e\u002B206MX:321MY:259MZ:-228AX:-9AY:1AZ:0GX:4GY:0,GZ:-"",""path"":""TARAQUR1""}","TARAQUR1","","PAPA",NULL
3636399,"2023-06-10 22:57:02.436602+00","2023-06-10 22:57:02.436603+00","38","{""DeviceID"":""TARAQUR1"",""MessageID"":""z05p"",""Payload"":""C:1265LT:35.6734LG:-119.4772IT:-24.3260ET:-0.0000IP:34521.1382EP:9.9604e\u002B12IA:8213.1543EA:-9.4385e\u002B206MX:324MY:343MZ:-267AX:-9AY:1AZ:-1GX:8GY:-2,GZ"",""path"":""TARAQUR1""}","TARAQUR1","","PAPA",NULL
3636400,"2023-06-10 23:12:06.482527+00","2023-06-10 23:12:06.482528+00","38","{""DeviceID"":""TARAQUR1"",""MessageID"":""luix"",""Payload"":""C:1298LT:35.6986LG:-119.5056IT:-15.8546ET:-0.0000IP:51703.8451EP:9.9604e\u002B12IA:5327.2948EA:-9.4385e\u002B206MX:348MY:192MZ:-219AX:-9AY:1AZ:0GX:0GY:-1,GZ:0"",""path"":""TARAQUR1""}","TARAQUR1","","PAPA",NULL
3636401,"2023-06-10 23:12:39.187913+00","2023-06-10 23:12:39.187914+00","38","{""DeviceID"":""TARAQUR1"",""MessageID"":""vns9"",""Payload"":""C:1309LT:35.7011LG:-119.5089IT:-14.9789ET:-0.0000IP:53037.8054EP:9.9604e\u002B12IA:5137.7762EA:-9.4385e\u002B206MX:365MY:93MZ:-290AX:-10AY:0AZ:0GX:13GY:-2,GZ:1"",""path"":""TARAQUR1""}","TARAQUR1","","PAPA",NULL
3636402,"2023-06-10 23:12:42.605366+00","2023-06-10 23:12:42.605367+00","38","{""DeviceID"":""TARAQUR1"",""MessageID"":""e6wu"",""Payload"":""C:1320LT:35.7037LG:-119.5111IT:-14.2663ET:-0.0000IP:54249.6138EP:9.9604e\u002B12IA:4968.9287EA:-9.4385e\u002B206MX:257MY:-47MZ:-306AX:-10AY:1AZ:-1GX:5GY:-3,GZ"",""path"":""TARAQUR1""}","TARAQUR1","","PAPA",NULL
3636403,"2023-06-10 23:13:22.342174+00","2023-06-10 23:13:22.342175+00","38","{""DeviceID"":""TARAQUR1"",""MessageID"":""b3fo"",""Payload"":""C:1331LT:35.7059LG:-119.5139IT:-13.6058ET:-0.0000IP:55530.8422EP:9.9604e\u002B12IA:4793.6979EA:-9.4385e\u002B206MX:324MY:336MZ:-267AX:-9AY:1AZ:0GX:-4GY:-1,GZ:-1"",""path"":""TARAQUR1""}","TARAQUR1","","PAPA",NULL
3636404,"2023-06-10 23:13:31.378824+00","2023-06-10 23:13:31.378825+00","38","{""DeviceID"":""TARAQUR1"",""MessageID"":""p8mp"",""Payload"":""C:1342LT:35.7082LG:-119.5163IT:-12.3621ET:-0.0000IP:57402.5945EP:9.9604e\u002B12IA:4543.4966EA:-9.4385e\u002B206MX:216MY:48MZ:-179AX:-12AY:0AZ:-1GX:11GY:0,GZ:7"",""path"":""TARAQUR1""}","TARAQUR1","","PAPA",NULL
3636405,"2023-06-10 23:14:15.227387+00","2023-06-10 23:14:15.227388+00","38","{""DeviceID"":""TARAQUR1"",""MessageID"":""fdpn"",""Payload"":""C:1375LT:35.7327LG:-119.5141IT:5.3449ET:-0.0000IP:82454.0533EP:9.9604e\u002B12IA:1704.8955EA:-9.4385e\u002B206MX:221MY:120MZ:-150AX:-12AY:0AZ:0GX:5GY:2,GZ:"",""path"":""TARAQUR1""}","TARAQUR1","","PAPA",NULL
3636406,"2023-06-10 23:14:27.624049+00","2023-06-10 23:14:27.62405+00","38","{""DeviceID"":""TARAQUR1"",""MessageID"":""yt4q"",""Payload"":""C:1386LT:35.7312LG:-119.5136IT:6.1916ET:-0.0000IP:84378.5303EP:9.9604e\u002B12IA:1517.3410EA:-9.4385e\u002B206MX:206MY:230MZ:-147AX:-11AY:0AZ:0GX:5GY:0,GZ:"",""path"":""TARAQUR1""}","TARAQUR1","","PAPA",NULL
3636407,"2023-06-10 23:15:02.380375+00","2023-06-10 23:15:02.380376+00","38","{""DeviceID"":""TARAQUR1"",""MessageID"":""giho"",""Payload"":""C:1419LT:35.7175LG:-119.5064IT:12.5160ET:-0.0000IP:98692.6699EP:9.9604e\u002B12IA:221.4955EA:-9.4385e\u002B206MX:261MY:-50MZ:-189AX:-7AY:1AZ:0GX:3GY:1,GZ:-"",""path"":""TARAQUR1""}","TARAQUR1","","PAPA",NULL
3636408,"2023-06-10 23:15:04.33049+00","2023-06-10 23:15:04.330491+00","38","{""DeviceID"":""TARAQUR1"",""MessageID"":""w78v"",""Payload"":""C:1430LT:35.7164LG:-119.5061IT:13.2579ET:-0.0000IP:100126.0819EP:9.9604e\u002B12IA:100.2971EA:-9.4385e\u002B206MX:233MY:201MZ:-137AX:-2AY:-5AZ:-7GX:0GY:0,GZ:0"",""path"":""TARAQUR1""}","TARAQUR1","","PAPA",NULL
3636409,"2023-06-10 23:15:05.949572+00","2023-06-10 23:15:05.949573+00","38","{""DeviceID"":""TARAQUR1"",""MessageID"":""ch5f"",""Payload"":""C:1441LT:35.7164LG:-119.5061IT:12.8443ET:-0.0000IP:100138.0746EP:9.9604e\u002B12IA:99.2890EA:-9.4385e\u002B206MX:237MY:197MZ:-138AX:-2AY:-5AZ:-7GX:0GY:0,GZ:0"",""path"":""TARAQUR1""}","TARAQUR1","","PAPA",NULL
3636410,"2023-06-10 23:15:16.60355+00","2023-06-10 23:15:16.603551+00","38","{""DeviceID"":""TARAQUR1"",""MessageID"":""c49s"",""Payload"":""C:1452LT:35.7164LG:-119.5061IT:12.6554ET:-0.0000IP:100143.6802EP:9.9604e\u002B12IA:98.8179EA:-9.4385e\u002B206MX:235MY:199MZ:-140AX:-2AY:-5AZ:-7GX:0GY:0,GZ:0"",""path"":""TARAQUR1""}","TARAQUR1","","PAPA",NULL
3636411,"2023-06-10 23:15:20.769579+00","2023-06-10 23:15:20.76958+00","38","{""DeviceID"":""TARAQUR1"",""MessageID"":""xmt5"",""Payload"":""C:1463LT:35.7164LG:-119.5061IT:12.5925ET:-0.0000IP:100148.0935EP:9.9604e\u002B12IA:98.4469EA:-9.4385e\u002B206MX:242MY:206MZ:-140AX:-3AY:-5AZ:-7GX:0GY:0,GZ:0"",""path"":""TARAQUR1""}","TARAQUR1","","PAPA",NULL
3636412,"2023-06-10 23:15:21.779755+00","2023-06-10 23:15:21.779756+00","38","{""DeviceID"":""TARAQUR1"",""MessageID"":""tgx9"",""Payload"":""C:1474LT:35.7164LG:-119.5061IT:12.5970ET:-0.0000IP:100144.5672EP:9.9604e\u002B12IA:98.7433EA:-9.4385e\u002B206MX:233MY:199MZ:-139AX:-3AY:-5AZ:-7GX:0GY:0,GZ:0"",""path"":""TARAQUR1""}","TARAQUR1","","PAPA",NULL
